#http://persistent-identifier.nl/?identifier=urn:nbn:nl:ui:13-m732-3v#;1
http://www.biax.nl/resources/content/report_file_773_427.pdf;1
#http://www.biax.nl/resources/content/report_file_489_313.pdf#;1
#http://www.biax.nl/resources/content/report_file_297_188.pdf#;1
#http://persistent-identifier.nl/?identifier=urn:nbn:nl:ui:13-676-q04#;1
#http://www.biax.nl/resources/content/report_file_2041_396.pdf#;1
#http://easy.dans.knaw.nl/dms?command=AIP_info&aipId=twips.dans.knaw.nl-3980942782245346674-1180610736249&windowStyle=default&windowContext=default#;1
;0
http://www.biax.nl/resources/content/report_file_2405_614.pdf;1
http://www.biax.nl/resources/content/report_file_775_429.pdf;1
#http://dx.doi.org/10.13140/2.1.3940.1280#;1
#http://persistent-identifier.nl/?identifier=urn:nbn:nl:ui:13-6c3-gla#;1
#http://www.biax.nl/resources/content/report_file_185_125.pdf#;1
#http://persistent-identifier.nl/?identifier=urn:nbn:nl:ui:13-i8a0-ys#;1
#http://www.biax.nl/resources/content/report_file_925_512.pdf#;1
#http://easy.dans.knaw.nl/dms?command=AIP_info&tab=explorer&returnFromLogin=yes&aipId=twips.dans.knaw.nl-186403940600465993-1181043081873#;1
#http://persistent-identifier.nl/?identifier=urn:nbn:nl:ui:13-f61-thb#;1
http://www.biax.nl/resources/content/report_file_2265_599.pdf;1
#http://easy.dans.knaw.nl/dms?command=AIP_info&aipId=twips.dans.knaw.nl-134185396628781336-1180609828876&windowStyle=default&windowContext=default#;1
#http://www.biax.nl/rapporten/119#;1
#http://www.biax.nl/resources/content/report_file_971_539.pdf#;1
#http://www.biax.nl/resources/content/report_file_929_515.pdf#;1
http://dl.dropbox.com/u/42532268/publicaties/arcpublicatie-54.pdf#http://dl.dropbox.com/u/42532268/publicaties/arcpublicatie-54.pdf#;1
#http://www.biax.nl/resources/content/report_file_431_273.pdf#;1
#https://easy.dans.knaw.nl/ui/datasets/id/easy-dataset:43979/tab/2#;1
#http://www.biax.nl/resources/content/report_file_429_272.pdf#;1
#http://www.biax.nl/resources/content/report_file_413_258.pdf#;1
#https://easy.dans.knaw.nl/ui/datasets/id/easy-dataset:37086/tab/2#;1
#http://persistent-identifier.nl/?identifier=urn:nbn:nl:ui:13-56my-zl#;1
#http://www.biax.nl/resources/content/report_file_363_229.pdf#;1
#http://persistent-identifier.nl/?identifier=urn:nbn:nl:ui:13-dbl-dyn#;1
"#https://easy.dans.knaw.nl/ui/datasets/id/easy-dataset:38520/tab/2;jsessionid=A7058D213D34797BECC66CDE69B457C5##";1
#http://persistent-identifier.nl/?identifier=urn:nbn:nl:ui:13-a3di-ip#;1
#http://www.biax.nl/resources/content/report_file_693_193.pdf#;1
#http://www.biax.nl/resources/content/report_file_711_252.pdf#;1
#http://www.biax.nl/resources/content/report_file_9_6.pdf#;1
#http://www.biax.nl/resources/content/report_file_135_93.pdf#;1
#http://www.biax.nl/resources/content/report_file_845_460.pdf#;1
#http://www.biax.nl/resources/content/report_file_2061_453.pdf#;1
#http://www.biax.nl/resources/content/report_file_457_291.pdf#;1
#http://www.biax.nl/resources/content/report_file_717_262.pdf#;1
#http://www.biax.nl/resources/content/report_file_133_92.pdf#;1
#http://www.biax.nl/resources/content/report_file_963_534.pdf#;1
#http://www.biax.nl/resources/content/report_file_275_176.pdf#;1
#http://www.biax.nl/resources/content/report_file_661_71.pdf#;2
#http://www.biax.nl/resources/content/report_file_313_198.pdf#;1
#http://www.biax.nl/resources/content/report_file_201_134.pdf#;1
#https://easy.dans.knaw.nl/ui/datasets/id/easy-dataset:40631/tab/2#;1
#http://www.biax.nl/resources/content/report_file_223_146.pdf#;1
#http://dx.doi.org/10.17026/dans-z9h-n92a#;1
http://www.biax.nl/resources/content/report_file_583_392.pdf;1
#http://persistent-identifier.nl/?identifier=urn:nbn:nl:ui:13-6j6o-qq#;1
#http://www.biax.nl/resources/content/report_file_319_203.pdf#;1
https://doi.org/10.17026/dans-x4y-9xk4;1
#https://easy.dans.knaw.nl/ui/datasets/id/easy-dataset:54480/tab/2#;1
#http://dx.doi.org/10.13140/2.1.2341.6641#;1
#http://www.biax.nl/resources/content/report_file_779_440.pdf#;1
#http://www.biax.nl/resources/content/report_file_1007_566.pdf#;1
#https://easy.dans.knaw.nl/ui/datasets/id/easy-dataset:48683/tab/2#;1
http://persistent-identifier.nl/?identifier=urn:nbn:nl:ui:13-i1cg-xa;1
#https://easy.dans.knaw.nl/ui/datasets/id/easy-dataset:44315/tab/2#;1
#http://persistent-identifier.nl/?identifier=urn:nbn:nl:ui:13-3vz-1dj#;1
#http://www.biax.nl/resources/content/report_file_987_551.pdf#;1
#http://www.biax.nl/resources/content/report_file_931_516.pdf#;1
#http://www.biax.nl/resources/content/report_file_435_275.pdf#;1
#http://www.biax.nl/resources/content/report_file_209_139.pdf#;1
#https://easy.dans.knaw.nl/ui/datasets/id/easy-dataset:48789/tab/2#;1
#https://easy.dans.knaw.nl/ui/datasets/id/easy-dataset:38340/tab/2#;1
#http://www.biax.nl/resources/content/report_file_143_99.pdf#;1
#http://persistent-identifier.nl/?identifier=urn:nbn:nl:ui:13-5scs-ch#;1
#http://www.biax.nl/resources/content/report_file_439_279.pdf#;1
#http://www.biax.nl/resources/content/report_file_221_145.pdf#;1
#http://persistent-identifier.nl/?identifier=urn:nbn:nl:ui:13-rh9x-55#;1
#http://www.biax.nl/resources/content/report_file_913_505.pdf#;1
#http://easy.dans.knaw.nl/dms?command=AIP_info&aipId=twips.dans.knaw.nl--6955804240083734821-1180529351011&windowStyle=default&windowContext=default#;1
#http://www.biax.nl/resources/content/report_file_881_489.pdf#;1
#http://www.biax.nl/resources/content/report_file_529_339.pdf#;1
#http://www.biax.nl/resources/content/report_file_3_2.pdf#;1
#http://www.biax.nl/resources/content/report_file_703_221.pdf#;1
#http://www.biax.nl/resources/content/report_file_407_255.pdf#;1
#http://dx.doi.org/10.13140/2.1.3219.2325#;1
#http://www.biax.nl/resources/content/report_file_2013_267.pdf#;1
#http://dx.doi.org/10.1007/BF00202184#;1
#http://www.biax.nl/resources/content/report_file_555_362.pdf#;1
#http://www.biax.nl/resources/content/report_file_579_386.pdf#;1
http://www.stichtingmenm.nl/explorer/earcheo/fratsen/fratsen_9/inhoud.htm#http://www.stichtingmenm.nl/explorer/earcheo/fratsen/fratsen_9/inhoud.htm#;1
http://dl.dropbox.com/u/42532268/publicaties/arcpublicatie-98.pdf#http://dl.dropbox.com/u/42532268/publicaties/arcpublicatie-98.pdf#;1
#http://persistent-identifier.nl/?identifier=urn:nbn:nl:ui:13-i41-7u2#;1
#http://www.biax.nl/resources/content/report_file_427_270.pdf#;1
http://www.biax.nl/resources/content/report_file_993_555.pdf;1
#http://www.biax.nl/resources/content/report_file_449_287.pdf#;1
#https://easy.dans.knaw.nl/ui/datasets/id/easy-dataset:36533#;1
#https://glavimans.files.wordpress.com/2014/07/glavimans6.pdf#;1
#http://www.biax.nl/resources/content/report_file_857_471.pdf#;1
#http://www.biax.nl/resources/content/report_file_495_317.pdf#;1
#http://www.biax.nl/resources/content/report_file_287_183.pdf#;1
#http://www.biax.nl/resources/content/report_file_391_245.pdf#;1
#http://persistent-identifier.nl/?identifier=urn:nbn:nl:ui:13-73x-gan#;1
#http://www.biax.nl/resources/content/report_file_519_332.pdf#;1
#http://www.biax.nl/resources/content/report_file_707_238.pdf#;1
#http://www.biax.nl/resources/content/report_file_369_232.pdf#;1
#http://www.biax.nl/resources/content/report_file_877_486.pdf#;1
#https://easy.dans.knaw.nl/ui/datasets/id/easy-dataset:42688/tab/2#;1
#http://www.biax.nl/rapporten/113#;1
#http://persistent-identifier.nl/?identifier=urn:nbn:nl:ui:13-htd-7n2#;1
http://www.biax.nl/resources/content/report_file_587_395.pdf;1
http://www.biax.nl/resources/content/report_file_2545_668.pdf;1
http://www.vlaardingen.nl/download/166127433/_vers_166127434/cd/archeologie_VHW+H11.pdf?term=archeologie vhw;1
#http://persistent-identifier.nl/?identifier=urn:nbn:nl:ui:13-h55u-e7#;1
#http://www.biax.nl/resources/content/report_file_965_535.pdf#;1
#http://persistent-identifier.nl/?identifier=urn:nbn:nl:ui:13-u9yf-h8#;1
#http://easy.dans.knaw.nl/dms?command=AIP_info&aipId=twips.dans.knaw.nl--3780368066215989828-1180525875521&windowStyle=default&windowContext=default#;2
#http://persistent-identifier.nl/?identifier=urn:nbn:nl:ui:13-5uwu-dd#;1
#http://www.biax.nl/resources/content/report_file_909_494.pdf#;1
#http://www.biax.nl/resources/content/report_file_527_338.pdf#;1
#https://doi.org/10.17026/dans-xsf-fmjt#;1
#http://www.biax.nl/resources/content/report_file_575_381.pdf#;1
#http://www.biax.nl/resources/content/report_file_505_323.pdf#;1
#http://www.biax.nl/resources/content/report_file_75_51.pdf#;1
#http://www.biax.nl/rapport/316#;1
http://www.biax.nl/resources/content/report_file_551_358.pdf;1
#https://doi.org/10.17026/dans-25q-vezs#;1
#http://www.biax.nl/resources/content/report_file_203_135.pdf#;1
http://www.biax.nl/resources/content/report_file_2649_703.pdf;1
http://www.biax.nl/resources/content/report_file_911_504.pdf;1
#https://easy.dans.knaw.nl/ui/datasets/id/easy-dataset:47464/tab/2#;2
#http://www.stichtingmenm.nl/hervondenstad/01_jaarboek2005.html#;1
http://dl.dropbox.com/u/42532268/publicaties/arcpublicatie-25.pdf#http://dl.dropbox.com/u/42532268/publicaties/arcpublicatie-25.pdf#;1
#http://persistent-identifier.nl/?identifier=urn:nbn:nl:ui:13-3m1-e1h#;1
#http://www.archol.nl/img/pdf/20_pdf.pdf#;1
http://dl.dropbox.com/u/42532268/publicaties/arcpublicatie-43.pdf#http://dl.dropbox.com/u/42532268/publicaties/arcpublicatie-43.pdf#;1
http://www.biax.nl/resources/content/report_file_889_469.pdf;1
#http://www.biax.nl/resources/content/report_file_2037_368.pdf#;1
#http://www.biax.nl/resources/content/report_file_697_199.pdf#;1
http://www.biax.nl/resources/content/report_file_581_388.pdf;1
#http://persistent-identifier.nl/?identifier=urn:nbn:nl:ui:13-eck3-dk#;1
#http://www.biax.nl/resources/content/report_file_719_263.pdf#;1
#http://www.biax.nl/resources/content/report_file_139_96.pdf#;1
#http://www.biax.nl/resources/content/report_file_865_479.pdf#;1
#http://www.biax.nl/resources/content/report_file_257_163.pdf#;1
#http://www.biax.nl/resources/content/report_file_337_213.pdf#;1
#http://www.biax.nl/resources/content/report_file_25_16.pdf#;1
#https://easy.dans.knaw.nl/ui/datasets/id/easy-dataset:33501/tab/2#;1
#http://www.biax.nl/resources/content/report_file_813_335.pdf#;1
#http://persistent-identifier.nl/?identifier=urn:nbn:nl:ui:13-dafk-b9#;1
#http://www.biax.nl/resources/content/report_file_819_384.pdf#;1
http://dl.dropbox.com/u/42532268/publicaties/arcpublicatie-28.pdf#http://dl.dropbox.com/u/42532268/publicaties/arcpublicatie-28.pdf#;1
#http://www.biax.nl/resources/content/report_file_205_136.pdf#;1
#http://www.biax.nl/resources/content/report_file_213_141.pdf#;1
#http://www.biax.nl/resources/content/report_file_735_301.pdf#;1
#http://www.biax.nl/resources/content/report_file_271_174.pdf#;1
#http://www.biax.nl/resources/content/report_file_2377_286.pdf#;1
#http://dx.doi.org/10.13140/2.1.3193.6320#;1
#http://www.biax.nl/resources/content/report_file_373_234.pdf#;1
#https://easy.dans.knaw.nl/ui/datasets/id/easy-dataset:36645/tab/2#;1
#https://doi.org/10.17026/dans-z6m-krck#;1
#http://www.biax.nl/resources/content/report_file_415_259.pdf#;1
#http://www.biax.nl/resources/content/report_file_511_326.pdf#;1
#http://www.biax.nl/resources/content/report_file_593_401.pdf#;1
#http://persistent-identifier.nl/?identifier=urn:nbn:nl:ui:13-4cr0-12#;1
#http://dx.doi.org/10.17026/dans-xhu-qy79#;1
#http://www.biax.nl/resources/content/report_file_231_150.pdf#;1
#http://dx.doi.org/10.17026/dans-24m-m4dx#;1
http://www.biax.nl/resources/content/report_file_543_352.pdf;1
#http://dx.doi.org/10.17026/dans-xm3-st5n#;1
#http://persistent-identifier.nl/?identifier=urn:nbn:nl:ui:13-whls-3d#;1
http://www.biax.nl/resources/content/report_file_281_180.pdf;1
#http://dx.doi.org/10.17026/dans-zm7-scs9#;1
#http://www.biax.nl/resources/content/report_file_795_442.pdf#;1
#http://www.biax.nl/resources/content/report_file_273_175.pdf#;1
#http://www.biax.nl/resources/content/report_file_403_251.pdf#;1
#http://persistent-identifier.nl/?identifier=urn:nbn:nl:ui:13-c0t-9xl#;1
#http://www.biax.nl/resources/content/report_file_959_531.pdf#;1
#http://persistent-identifier.nl/?identifier=urn:nbn:nl:ui:13-ee7-gu5#;1
#http://dx.doi.org/10.13140/2.1.3455.7760#;1
#http://www.biax.nl/resources/content/report_file_741_337.pdf#;1
#http://www.biax.nl/resources/content/report_file_243_156.pdf#;1
#https://easy.dans.knaw.nl/ui/datasets/id/easy-dataset:34135/tab/2#;1
http://www.biax.nl/resources/content/report_file_625_424.pdf;1
#http://www.biax.nl/resources/content/report_file_531_340.pdf#;1
#http://www.biax.nl/resources/content/report_file_71_45.pdf#;1
#http://persistent-identifier.nl/?identifier=urn:nbn:nl:ui:13-frg6-ts#;1
#https://easy.dans.knaw.nl/ui/datasets/id/easy-dataset:43966/tab/2#;1
#http://www.biax.nl/resources/content/report_file_351_222.pdf#;1
#http://easy.dans.knaw.nl/dms?command=AIP_info&aipId=twips.dans.knaw.nl--4409584741920036627-1244531488052&windowStyle=default&windowContext=default#;1
#http://dx.doi.org/10.1007/BF01299799#;1
#http://www.biax.nl/resources/content/report_file_339_214.pdf#;1
#http://www.biax.nl/resources/content/report_file_401_250.pdf#;1
#http://www.biax.nl/resources/content/report_file_883_490.pdf#;1
#http://www.biax.nl/resources/content/report_file_399_249.pdf#;1
#http://www.biax.nl/resources/content/report_file_615_416.pdf#;1
http://www.biax.nl/resources/content/report_file_367_231.pdf;1
#http://dx.doi.org/10.5072/dans-xwb-8qjg#;1
#http://www.archol.nl/img/pdf/68_pdf.pdf#;1
http://www.biax.nl/resources/content/report_file_2253_596.pdf;1
#https://easy.dans.knaw.nl/ui/datasets/id/easy-dataset:39871/tab/2#;1
#http://easy.dans.knaw.nl/dms?command=AIP_info&aipId=twips.dans.knaw.nl-3029336809633149766-1237367394026&windowStyle=default&windowContext=default#;1
#https://easy.dans.knaw.nl/ui/datasets/id/easy-dataset:28302/tab/2#;1
#http://dx.doi.org/10.13140/2.1.2957.0888#;1
#http://persistent-identifier.nl/?identifier=urn:nbn:nl:ui:13-keu-26e#;1
#http://persistent-identifier.nl/?identifier=urn:nbn:nl:ui:13-8ey-has#;1
#http://www.biax.nl/resources/content/report_file_53_34.pdf#;1
#https://easy.dans.knaw.nl/ui/datasets/id/easy-dataset:7104/tab/2#;1
#http://persistent-identifier.nl/?identifier=urn:nbn:nl:ui:13-2nu-wdj#;1
#http://www.archol.nl/img/pdf/13_pdf.pdf#;1
#http://www.biax.nl/resources/content/report_file_683_165.pdf#;1
#http://www.biax.nl/resources/content/report_file_111_79.pdf#;1
#http://easy.dans.knaw.nl/dms?command=AIP_info&aipId=twips.dans.knaw.nl-6591935238251175578-1244531604686&windowStyle=default&windowContext=default#;1
#http://www.biax.nl/resources/content/report_file_509_325.pdf#;1
#http://dx.doi.org/10.13140/2.1.2079.5202#;1
#http://www.archol.nl/img/pdf/39_pdf.pdf#;1
#http://www.biax.nl/resources/content/report_file_359_226.pdf#;1
#https://openaccess.leidenuniv.nl/handle/1887/14033#;1
#http://www.archol.nl/img/pdf/6_pdf.pdf#;1
#http://www.biax.nl/rapporten/10#;1
#https://easy.dans.knaw.nl/ui/datasets/id/easy-dataset:30842/tab/2#;1
#http://www.biax.nl/resources/content/report_file_503_322.pdf#;1
#https://doi.org/10.17026/dans-x6r-aeax#;1
http://www.biax.nl/resources/content/report_file_847_461.pdf;1
#http://www.biax.nl/resources/content/report_file_2073_464.pdf#;1
#http://www.biax.nl/resources/content/report_file_851_463.pdf#;1
#http://www.biax.nl/resources/content/report_file_61_39.pdf#;1
#http://persistent-identifier.nl/?identifier=urn:nbn:nl:ui:13-gpw-dob#;1
#http://www.biax.nl/resources/content/report_file_601_406.pdf#;1
#http://persistent-identifier.nl/?identifier=urn:nbn:nl:ui:13-kiw0-ne#;1
#http://www.biax.nl/resources/content/report_file_541_351.pdf#;1
#http://www.biax.nl/resources/content/report_file_311_197.pdf#;1
#http://www.biax.nl/resources/content/report_file_523_336.pdf#;1
#http://www.biax.nl/resources/content/report_file_653_56.pdf#;1
#http://www.biax.nl/resources/content/report_file_709_243.pdf#;1
#http://www.biax.nl/resources/content/report_file_99_68.pdf#;1
#http://www.biax.nl/resources/content/report_file_677_122.pdf#;1
#http://dx.doi.org/10.13140/2.1.1318.6882#;1
http://www.biax.nl/resources/content/report_file_641_437.pdf;1
#http://persistent-identifier.nl/?identifier=urn:nbn:nl:ui:13-oe6-pym#;1
#http://www.biax.nl/resources/content/report_file_357_225.pdf#;1
#https://easy.dans.knaw.nl/ui/datasets/id/easy-dataset:43102/tab/2#;2
#http://www.biax.nl/resources/content/report_file_309_196.pdf#;1
#http://www.biax.nl/resources/content/report_file_331_210.pdf#;1
#https://easy.dans.knaw.nl/ui/datasets/id/easy-dataset:9836/tab/2#;1
#http://www.biax.nl/resources/content/report_file_23_15.pdf#;1
http://www.biax.nl/resources/content/report_file_2633_695.pdf;1
#http://www.biax.nl/resources/content/report_file_229_149.pdf#;1
#http://www.biax.nl/rapporten/117#;1
#http://www.biax.nl/resources/content/report_file_465_297.pdf#;1
#http://persistent-identifier.nl/?identifier=urn:nbn:nl:ui:13-gjdn-4f#;1
#http://www.biax.nl/resources/content/report_file_11_7.pdf#;1
#http://persistent-identifier.nl/?identifier=urn:nbn:nl:ui:13-7mw-zvs#;1
http://www.biax.nl/resources/content/report_file_589_398.pdf;1
#http://www.biax.nl/rapporten/118#;1
http://www.biax.nl/resources/content/report_file_765_399.pdf;1
#http://www.biax.nl/resources/content/report_file_679_128.pdf#;1
#http://persistent-identifier.nl/?identifier=urn:nbn:nl:ui:13-sg4g-s8#;1
#http://www.biax.nl/resources/content/report_file_853_466.pdf#;1
http://dl.dropbox.com/u/42532268/publicaties/arcpublicatie-121.pdf#http://dl.dropbox.com/u/42532268/publicaties/arcpublicatie-121.pdf#;1
#http://easy.dans.knaw.nl/dms?command=AIP_info&aipId=twips.dans.knaw.nl-1117475302929240421-1237369976404&tab=explorer##;1
#http://persistent-identifier.nl/?identifier=urn:nbn:nl:ui:13-0x1-kxo#;1
http://www.biax.nl/resources/content/report_file_2201_582.pdf;1
#http://persistent-identifier.nl/?identifier=urn:nbn:nl:ui:13-52oh-vr#;1
#http://dx.doi.org/10.17026/dans-xd4-zvcn#;1
#http://www.biax.nl/resources/content/report_file_539_350.pdf#;1
#http://persistent-identifier.nl/?identifier=urn:nbn:nl:ui:13-9fds-ic#;1
#https://easy.dans.knaw.nl/ui/datasets/id/easy-dataset:44181/tab/2#;1
#http://www.biax.nl/resources/content/report_file_739_Biaxiaal%20329.pdf#;1
#http://www.biax.nl/resources/content/report_file_897_496.pdf#;1
#http://persistent-identifier.nl/?identifier=urn:nbn:nl:ui:13-bwt7-b9#;1
#http://persistent-identifier.nl/?identifier=urn:nbn:nl:ui:13-gxxw-fl#;1
#http://www.biax.nl/resources/content/report_file_629_428.pdf#;1
#http://www.biax.nl/resources/content/report_file_45_30.pdf#;2
http://www.biax.nl/resources/content/report_file_891_497.pdf;1
http://www.biax.nl/resources/content/report_file_839_456.pdf;1
#http://www.archol.nl/img/pdf/2_pdf.pdf#;1
#http://easy.dans.knaw.nl/dms?command=AIP_info&aipId=twips.dans.knaw.nl--7956375984041225153-1237373018312&windowStyle=default&windowContext=default#;2
#http://www.biax.nl/resources/content/report_file_501_321.pdf#;1
#http://easy.dans.knaw.nl/dms?command=AIP_info&aipId=twips.dans.knaw.nl-683877261452331891-1198157240292&windowStyle=default&windowContext=default#;2
#http://www.biax.nl/resources/content/report_file_193_130.pdf#;1
#http://www.biax.nl/resources/content/report_file_2065_455.pdf#;1
#http://dx.doi.org/10.17026/dans-zts-wp5p#;1
#http://www.biax.nl/resources/content/report_file_91_64.pdf#;1
#http://persistent-identifier.nl/?identifier=urn:nbn:nl:ui:13-dznt-1u#;1
#http://www.biax.nl/resources/content/report_file_941_521.pdf#;1
#http://www.biax.nl/resources/content/report_file_497_319.pdf#;1
#http://www.biax.nl/resources/content/report_file_863_478.pdf#;1
#http://easy.dans.knaw.nl/dms?command=AIP_info&aipId=twips.dans.knaw.nl--2391384599300775774-1244531577202&windowStyle=default&windowContext=default#;1
#http://www.biax.nl/resources/content/report_file_485_310.pdf#;1
#http://www.biax.nl/resources/content/report_file_763_397.pdf#;1
#http://www.biax.nl/resources/content/report_file_687_169.pdf#;1
#https://easy.dans.knaw.nl/ui/datasets/id/easy-dataset:38751#;1
http://www.biax.nl/resources/content/report_file_2313_613.pdf;1
#http://www.biax.nl/resources/content/report_file_315_200.pdf#;1
#http://www.biax.nl/resources/content/report_file_599_405.pdf#;1
#http://www.biax.nl/resources/content/report_file_293_186.pdf#;1
#http://www.biax.nl/resources/content/report_file_939_520.pdf#;1
http://www.biax.nl/resources/content/report_file_577_382.pdf;1
#http://www.biax.nl/resources/content/report_file_289_184.pdf#;1
#http://www.biax.nl/rapporten/112#;1
#http://www.biax.nl/resources/content/report_file_957_530.pdf#;1
#http://www.biax.nl/resources/content/report_file_809_206.pdf#;1
http://www.biax.nl/resources/content/report_file_2489_654.pdf;1
#https://easy.dans.knaw.nl/ui/datasets/id/easy-dataset:31302/tab/2#;1
http://dl.dropbox.com/u/42532268/publicaties/arcpublicatie-47.pdf#http://dl.dropbox.com/u/42532268/publicaties/arcpublicatie-47.pdf#;1
#http://www.biax.nl/resources/content/report_file_945_523.pdf#;1
#http://www.biax.nl/resources/content/report_file_377_236.pdf#;1
#http://persistent-identifier.nl/?identifier=urn:nbn:nl:ui:13-ojt-0ch#;1
http://www.biax.nl/resources/content/report_file_549_355.pdf;1
#http://www.biax.nl/resources/content/report_file_283_181.pdf#;1
#http://persistent-identifier.nl/?identifier=urn:nbn:nl:ui:13-esx-uj0#;1
http://www.biax.nl/resources/content/report_file_875_485.pdf;1
#http://www.biax.nl/resources/content/report_file_481_307.pdf#;1
#http://www.biax.nl/resources/content/report_file_943_522.pdf#;1
#http://www.biax.nl/resources/content/report_file_701_216.pdf#;1
#http://www.biax.nl/resources/content/report_file_515_330.pdf#;1
#https://dl.dropboxusercontent.com/u/42532268/publicaties/arcpublicatie-53.pdf#;1
#http://www.biax.nl/resources/content/report_file_713_253.pdf#;1
http://www.biax.nl/resources/content/report_file_2441_642.pdf;1
#http://www.biax.nl/resources/content/report_file_225_147.pdf#;1
#http://www.biax.nl/rapporten/110#;1
#http://www.biax.nl/resources/content/report_file_69_43.pdf#;1
#http://www.biax.nl/resources/content/report_file_233_151.pdf#;1
http://www.biax.nl/resources/content/report_file_893_503.pdf;1
#http://www.biax.nl/resources/content/report_file_789_431.pdf#;1
#http://www.biax.nl/resources/content/report_file_643_457.pdf#;1
#https://easy.dans.knaw.nl/ui/datasets/id/easy-dataset:36097/tab/2#;2
#http://easy.dans.knaw.nl/dms?command=AIP_info&aipId=twips.dans.knaw.nl-4911594537135340525-1198067861323&windowStyle=default&windowContext=default#;1
#http://www.biax.nl/resources/content/report_file_181_121.pdf#;1
#http://www.biax.nl/resources/content/report_file_421_265.pdf#;1
#http://dx.doi.org/10.13140/2.1.4324.1283#;1
#http://www.biax.nl/resources/content/report_file_333_211.pdf#;1
#https://easy.dans.knaw.nl/ui/datasets/id/easy-dataset:33890/tab/2#;1
#http://www.biax.nl/resources/content/report_file_785_413.pdf#;1
#http://easy.dans.knaw.nl/dms?command=AIP_info&aipId=twips.dans.knaw.nl-7632379730197121866-1174909891770&windowStyle=default&windowContext=default#;1
#http://www.biax.nl/resources/content/report_file_325_207.pdf#;1
#http://www.biax.nl/resources/content/report_file_699_201.pdf#;1
#http://dx.doi.org/10.13140/2.1.4766.4965#;1
http://www.biax.nl/resources/content/report_file_873_484.pdf;1
http://www.biax.nl/resources/content/report_file_2437_641.pdf;1
#http://www.biax.nl/resources/content/report_file_721_266.pdf#;1
#http://www.biax.nl/resources/content/report_file_255_162.pdf#;1
"#https://easy.dans.knaw.nl/ui/datasets/id/easy-dataset:42649/tab/1;jsessionid=554D71A40459042C00CAC82F01290461#";1
#http://www.biax.nl/resources/content/report_file_441_281.pdf#;1
#http://persistent-identifier.nl/?identifier=urn:nbn:nl:ui:13-n94p-6p#;1
#http://persistent-identifier.nl/?identifier=urn:nbn:nl:ui:13-833g-ia#;1
#http://www.biax.nl/resources/content/report_file_87_60.pdf#;1
#http://persistent-identifier.nl/?identifier=urn:nbn:nl:ui:13-9ol-3yx#;1
#http://www.biax.nl/resources/content/report_file_513_328.pdf#;1
#http://www.biax.nl/resources/content/report_file_101_69.pdf#;1
#http://www.biax.nl/resources/content/report_file_199_133.pdf#;1
#http://persistent-identifier.nl/?identifier=urn:nbn:nl:ui:13-04r-39p#;1
#http://www.biax.nl/resources/content/report_file_345_218.pdf#;1
#https://easy.dans.knaw.nl/ui/datasets/id/easy-dataset:39177/tab/2#;1
#http://persistent-identifier.nl/?identifier=urn:nbn:nl:ui:13-owp4-8z#;1
#http://www.biax.nl/resources/content/report_file_83_57.pdf#;1
#http://dx.doi.org/10.13140/2.1.3809.0566#;1
#http://persistent-identifier.nl/?identifier=urn:nbn:nl:ui:13-7odt-lx#;1
http://www.biax.nl/resources/content/report_file_771_419.pdf;1
http://www.biax.nl/resources/content/report_file_985_550.pdf;1
#http://www.biax.nl/resources/content/report_file_249_159.pdf#;1
#http://www.biax.nl/resources/content/report_file_743_342.pdf#;1
#http://persistent-identifier.nl/?identifier=urn:nbn:nl:ui:13-xab-3aa#;1
http://www.biax.nl/resources/content/report_file_2453_643.pdf;1
#http://www.biax.nl/resources/content/report_file_141_97.pdf#;1
#http://www.stichtingmenm.nl/explorer/earcheo/fratsen/fratsen_8/inhoud.htm#;1
#http://www.biax.nl/rapporten/115#;1
#http://www.biax.nl/resources/content/report_file_5_3.pdf#;1
#http://www.biax.nl/resources/content/report_file_535_348.pdf#;1
#http://www.biax.nl/resources/content/report_file_597_403.pdf#;1
http://dl.dropbox.com/u/42532268/publicaties/arcpublicatie-119.pdf#http://dl.dropbox.com/u/42532268/publicaties/arcpublicatie-119.pdf#;1
#http://www.biax.nl/resources/content/report_file_237_153.pdf#;1
#http://persistent-identifier.nl/?identifier=urn:nbn:nl:ui:13-jams-sn#;1
#https://doi.org/10.17026/dans-zfn-px2m#;1
http://www.biax.nl/resources/content/report_file_2649_702.pdf;1
#http://persistent-identifier.nl/?identifier=urn:nbn:nl:ui:13-s683-bf#;1
http://www.biax.nl/resources/content/report_file_611_414.pdf;1
#http://www.biax.nl/resources/content/report_file_423_268.pdf#;1
http://dx.doi.org/10.13140/2.1.2669.3443#http://dx.doi.org/10.13140/2.1.2669.3443#;1
#http://www.biax.nl/resources/content/report_file_933_517.pdf#;1
#http://www.biax.nl/resources/content/report_file_2097_475.pdf#;1
#http://www.biax.nl/resources/content/report_file_47_31.pdf#;1
#http://www.biax.nl/resources/content/report_file_797_443.pdf#;1
http://www.biax.nl/resources/content/report_file_2181_577.pdf;1
#http://www.biax.nl/resources/content/report_file_267_172.pdf#;1
#http://persistent-identifier.nl/?identifier=urn:nbn:nl:ui:13-1koj-tx#;1
#http://persistent-identifier.nl/?identifier=urn:nbn:nl:ui:13-qbp-9gm#;1
#http://easy.dans.knaw.nl/dms?command=AIP_info&aipId=twips.dans.knaw.nl-7581639564705501307-1198153178615&windowStyle=default&windowContext=default#;1
#http://www.biax.nl/resources/content/report_file_343_217.pdf#;1
#http://dx.doi.org/10.13140/2.1.2023.2008#;1
#http://persistent-identifier.nl/?identifier=urn:nbn:nl:ui:13-796-ef3#;1
#http://www.biax.nl/resources/content/report_file_97_67.pdf#;1
#http://www.biax.nl/resources/content/report_file_871_483.pdf#;1
#http://www.biax.nl/resources/content/report_file_77_52.pdf#;1
#http://dx.doi.org/10.17026/dans-z6r-xnk8#;1
#http://www.biax.nl/resources/content/report_file_861_477.pdf#;1
#http://www.biax.nl/resources/content/report_file_467_298.pdf#;1
#http://www.biax.nl/resources/content/report_file_379_237.pdfhttp://www.biax.nl/resources/content/report_file_379_237.pdf#;1
http://dl.dropbox.com/u/42532268/publicaties/arcpublicatie-52.pdf#http://dl.dropbox.com/u/42532268/publicaties/arcpublicatie-52.pdf#;1
#https://easy.dans.knaw.nl/ui/datasets/id/easy-dataset:15611/tab/2#;1
#http://www.biax.nl/resources/content/report_file_573_380.pdf#;1
#http://easy.dans.knaw.nl/dms?command=AIP_info&aipId=twips.dans.knaw.nl-1167764610170561878-1198070569420&windowStyle=default&windowContext=default#;2
#http://www.biax.nl/resources/content/report_file_2053_451.pdf#;1
#http://persistent-identifier.nl/?identifier=urn:nbn:nl:ui:13-kxfz-zf#;1
http://www.biax.nl/resources/content/report_file_621_421.pdf;1
#http://www.biax.nl/resources/content/report_file_2081_470.pdf#;1
http://www.biax.nl/resources/content/report_file_2285_604.pdf;1
#https://easy.dans.knaw.nl/ui/datasets/id/easy-dataset:34270/tab/2#;1
#http://www.biax.nl/resources/content/report_file_901_499.pdf#;1
#http://persistent-identifier.nl/?identifier=urn:nbn:nl:ui:13-j81x-lo#;1
#http://www.biax.nl/resources/content/report_file_443_282.pdf#;1
#http://www.biax.nl/rapporten/108#;1
#http://persistent-identifier.nl/?identifier=urn:nbn:nl:ui:13-n67f-jr#;1
#http://easy.dans.knaw.nl/dms?command=AIP_info&aipId=twips.dans.knaw.nl--5173464463440977890-1180526649830&windowStyle=default&windowContext=default#;1
#https://easy.dans.knaw.nl/ui/datasets/id/easy-dataset:39017/tab/2#;1
#http://easy.dans.knaw.nl/dms?command=AIP_info&aipId=twips.dans.knaw.nl-3548213525286130672-1181041036386&windowStyle=default&windowContext=default#;1
#http://www.biax.nl/resources/content/report_file_37_26.pdf#;1
http://www.biax.nl/resources/content/report_file_571_379.pdf;1
#http://www.biax.nl/resources/content/report_file_759_391.pdf#;1
http://dl.dropbox.com/u/42532268/publicaties/arcpublicatie-72.pdf#http://dl.dropbox.com/u/42532268/publicaties/arcpublicatie-72.pdf#;1
http://www.biax.nl/resources/content/report_file_2141_564.pdf;1
http://www.biax.nl/resources/content/report_file_2585_679.pdf;2
#https://doi.org/10.17026/dans-x73-b5bs#;1
#https://easy.dans.knaw.nl/ui/datasets/id/easy-dataset:43101/tab/2#;1
#http://dx.doi.org/10.17026/dans-z2t-x56v#;1
#https://easy.dans.knaw.nl/ui/datasets/id/easy-dataset:53221/tab/2#;1
#https://easy.dans.knaw.nl/ui/datasets/id/easy-dataset:6346/tab/2#;1
#http://www.archol.nl/img/pdf/29_pdf.pdf#;1
#https://easy.dans.knaw.nl/ui/datasets/id/easy-dataset:43788/tab/2#;1
#http://www.biax.nl/resources/content/report_file_353_223.pdf#;1
#http://dl.dropbox.com/u/42532268/publicaties/arcpublicatie-17.pdf#;1
#http://easy.dans.knaw.nl/dms?command=AIP_info&aipId=twips.dans.knaw.nl--4941360808567582067-1198073085943&windowStyle=default&windowContext=default#;1
#http://persistent-identifier.nl/?identifier=urn:nbn:nl:ui:13-utql-ao#;1
#http://www.biax.nl/resources/content/report_file_215_142.pdf#;1
#http://www.biax.nl/resources/content/report_file_561_370.pdf#;1
#http://dx.doi.org/10.13140/2.1.4061.9845#;1
https://openaccess.leidenuniv.nl/handle/1887/16338#https://openaccess.leidenuniv.nl/handle/1887/16338#;1
#http://www.biax.nl/resources/content/report_file_251_160.pdf#;1
#http://persistent-identifier.nl/?identifier=urn:nbn:nl:ui:13-xj1-uhj#;1
#http://www.stichtingmenm.nl/explorer/earcheo/fratsen/fratsen_4/stadse%20fratsen%204.pdf#;1
#https://easy.dans.knaw.nl/ui/datasets/id/easy-dataset:44215/tab/2#;1
#http://www.biax.nl/resources/content/report_file_869_482.pdf#;1
#http://persistent-identifier.nl/?identifier=urn:nbn:nl:ui:13-35a-2g4#;1
#http://www.biax.nl/resources/content/report_file_833_450.pdf#;1
#http://www.biax.nl/resources/content/report_file_41_28.pdf#;1
#http://www.biax.nl/resources/content/report_file_371_233.pdf#;1
http://www.biax.nl/resources/content/report_file_2669_709.pdf;1
#http://www.biax.nl/rapporten/114#;1
http://dl.dropbox.com/u/42532268/publicaties/arcpublicatie-120.pdf#http://dl.dropbox.com/u/42532268/publicaties/arcpublicatie-120.pdf#;1
http://www.biax.nl/resources/content/report_file_919_509.pdf;1
#http://easy.dans.knaw.nl/dms?command=AIP_info&aipId=twips.dans.knaw.nl-7975678361865313419-1198068881173&windowStyle=default&windowContext=default#;1
http://www.biax.nl/resources/content/report_file_885_491.pdf;1
#http://persistent-identifier.nl/?identifier=urn:nbn:nl:ui:13-5yi-vl9#;1
#http://www.biax.nl/resources/content/report_file_715_261.pdf#;1
#http://www.biax.nl/resources/content/report_file_691_178.pdf#;1
#http://www.biax.nl/resources/content/report_file_2021_341.pdf#;1
#http://www.biax.nl/resources/content/report_file_447_284.pdf#;1
#http://persistent-identifier.nl/?identifier=urn:nbn:nl:ui:13-hkn7-4t#;1
#http://www.biax.nl/resources/content/report_file_341_215.pdf#;1
#http://www.biax.nl/resources/content/report_file_247_158.pdf#;1
#https://easy.dans.knaw.nl/ui/datasets/id/easy-dataset:16585/tab/2#;1
#http://www.biax.nl/resources/content/report_file_455_290.pdf#;1
#http://www.biax.nl/resources/content/report_file_191_129.pdf#;1
http://www.biax.nl/resources/content/report_file_2217_588.pdf;1
#http://www.biax.nl/resources/content/report_file_591_400.pdf#;1
#http://www.stichtingmenm.nl/explorer/earcheo/fratsen/fratsen_1/Stadse_Fratsen_1.pdf#;1
https://easy.dans.knaw.nl/ui/datasets/id/easy-dataset:51187/tab/2#https://easy.dans.knaw.nl/ui/datasets/id/easy-dataset:51187/tab/2#;1
#http://www.biax.nl/resources/content/report_file_389_244.pdf#;1
#http://dx.doi.org/10.13140/2.1.4717.3447#;1
#http://persistent-identifier.nl/?identifier=urn:nbn:nl:ui:13-v41-o70#;1
http://dl.dropbox.com/u/42532268/publicaties/arcpublicatie-81.pdf#http://dl.dropbox.com/u/42532268/publicaties/arcpublicatie-81.pdf#;1
#http://www.biax.nl/resources/content/report_file_89_BIAXiaal%2063.pdf#;1
#http://www.biax.nl/resources/content/report_file_827_364.pdf#;1
#http://www.biax.nl/resources/content/report_file_545_353.pdf#;1
#http://www.biax.nl/resources/content/report_file_469_299.pdf#;1
#http://www.biax.nl/resources/content/report_file_425_269.pdf#;1
#http://www.biax.nl/resources/content/report_file_649_47.pdf#;1
#http://easy.dans.knaw.nl/dms?command=AIP_info&aipId=twips.dans.knaw.nl-2331652218415179308-1181043368373&windowStyle=default&windowContext=default#;1
#http://www.biax.nl/resources/content/report_file_473_303.pdf#;1
http://www.biax.nl/resources/content/report_file_2233_592.pdf;1
#http://dx.doi.org/10.5072/dans-zbq-a9c3#;1
#http://persistent-identifier.nl/?identifier=urn:nbn:nl:ui:13-o8g-m7n#;1
#http://www.biax.nl/resources/content/report_file_355_224.pdf#;1
#http://www.biax.nl/resources/content/report_file_521_334.pdf#;1
#http://www.biax.nl/resources/content/report_file_261_166.pdf#;1
#http://www.biax.nl/resources/content/report_file_921_510.pdf#;1
http://www.biax.nl/resources/content/report_file_841_458.pdf;1
#http://dx.doi.org/10.17026/dans-xu2-453n#;1
http://www.biax.nl/resources/content/report_file_995_556.pdf;1
http://www.biax.nl/resources/content/report_file_2153_567.pdf;1
http://dx.doi.org/10.1007/s00334-007-0108-8#http://dx.doi.org/10.1007/s00334-007-0108-8#;1
#http://www.biax.nl/resources/content/report_file_603_407.pdf#;1
http://www.biax.nl/resources/content/report_file_631_430.pdf;1
#http://www.biax.nl/resources/content/report_file_409_256.pdf#;1
#http://easy.dans.knaw.nl/dms?command=AIP_info&aipId=twips.dans.knaw.nl-1009151183554126215-1181035517126&windowStyle=default&windowContext=default#;1
#http://persistent-identifier.nl/?identifier=urn:nbn:nl:ui:13-fh62-u4#;1
#http://persistent-identifier.nl/?identifier=urn:nbn:nl:ui:13-65es-g9#;1
http://www.biax.nl/resources/content/report_file_2345_624.pdf;1
#http://www.biax.nl/resources/content/report_file_7_5.pdf#;1
#http://dx.doi.org/10.17026/dans-xn3-332k#;1
#http://easy.dans.knaw.nl/dms?command=AIP_info&tab=explorer&returnFromLogin=yes&aipId=twips.dans.knaw.nl-1607506814875802434-1237373620397#;1
#http://www.biax.nl/resources/content/report_file_805_448.pdf#;1
#http://www.biax.nl/resources/content/report_file_59_37.pdf#;1
#http://persistent-identifier.nl/?identifier=urn:nbn:nl:ui:13-ldfu-l4#;1
#http://www.biax.nl/resources/content/report_file_769_408.pdf#;1
#http://www.biax.nl/resources/content/report_file_477_305.pdf#;1
#https://easy.dans.knaw.nl/ui/datasets/id/easy-dataset:43782/tab/2#;1
#http://www.biax.nl/resources/content/report_file_349_220.pdf#;1
#http://easy.dans.knaw.nl/dms?command=AIP_info&aipId=twips.dans.knaw.nl-8911134767130160478-1237370061808&windowStyle=default&windowContext=default#;1
pollenanalyse en macroresteninventarisatie;1
#http://www.biax.nl/resources/content/report_file_745_359.pdf#;1
#http://dx.doi.org/10.5072/dans-x32-f5w6#;1
#https://easy.dans.knaw.nl/ui/datasets/id/easy-dataset:43965#;1
#http://www.biax.nl/rapporten/1#;1
#http://www.biax.nl/resources/content/report_file_65_41.pdf#;1
#http://www.biax.nl/rapporten/11#;1
#http://www.biax.nl/resources/content/report_file_727_285.pdf#;1
#http://www.biax.nl/resources/content/report_file_277_177.pdf#;1
http://www.biax.nl/resources/content/report_file_927_514.pdf;1
#http://www.biax.nl/resources/content/report_file_725_277.pdf#;1
http://www.biax.nl/resources/content/report_file_983_547.pdf;1
#http://www.biax.nl/resources/content/report_file_347_219.pdf#;1
http://www.biax.nl/resources/content/report_file_753_373.pdf;1
#https://easy.dans.knaw.nl/ui/datasets/id/easy-dataset:33656/tab/2##;1
http://www.biax.nl/resources/content/report_file_607_411.pdf;1
#http://www.biax.nl/resources/content/report_file_189_127.pdf#;1
#http://www.stichtingmenm.nl/index.php/publicaties/stadse-fratsen/72-stadse-fratsen-10-mei-2008#;1
#http://www.biax.nl/rapporten/102#;1
#http://www.biax.nl/resources/content/report_file_475_304.pdf#;1
#http://dx.doi.org/10.17026/dans-xd9-9tfj#;1
http://www.biax.nl/resources/content/report_file_2497_656.pdf;1
#http://dx.doi.org/10.13140/2.1.5054.2407#;1
#http://dx.doi.org/10.1007/s003340200013#;1
#http://www.biax.nl/resources/content/report_file_463_296.pdf#;1
#http://persistent-identifier.nl/?identifier=urn:nbn:nl:ui:13-dpw-7fu#;1
#http://www.biax.nl/resources/content/report_file_397_248.pdf#;1
#http://www.biax.nl/resources/content/report_file_787_425.pdf#;1
#https://easy.dans.knaw.nl/ui/datasets/id/easy-dataset:43361/tab/2#;1
#https://easy.dans.knaw.nl/ui/datasets/id/easy-dataset:21481#;1
#http://www.biax.nl/resources/content/report_file_305_192.pdf#;1
#http://dl.dropbox.com/u/42532268/publicaties/arcpublicatie-113.pdf#;1
#http://www.biax.nl/resources/content/report_file_433_274.pdf#;1
#http://easy.dans.knaw.nl/dms?command=AIP_info&aipId=twips.dans.knaw.nl-2894046524995067653-1198157767963&windowStyle=default&windowContext=default#;1
#http://www.biax.nl/resources/content/report_file_317_202.pdf#;1
#http://persistent-identifier.nl/?identifier=urn:nbn:nl:ui:13-qsm4-66#;1
#https://easy.dans.knaw.nl/ui/datasets/id/easy-dataset:40190#;1
#http://www.biax.nl/resources/content/report_file_179_120.pdf#;1
#https://easy.dans.knaw.nl/ui/datasets/id/easy-dataset:38807/tab/2#;1
#http://www.biax.nl/resources/content/report_file_783_390.pdf#;1
#http://www.biax.nl/resources/content/report_file_685_167.pdf#;1
#http://persistent-identifier.nl/?identifier=urn:nbn:nl:ui:13-r29i-2t#;1
#http://www.biax.nl/resources/content/report_file_285_182.pdf#;1
http://dl.dropbox.com/u/42532268/publicaties/arcpublicatie-37.pdf#http://dl.dropbox.com/u/42532268/publicaties/arcpublicatie-37.pdf#;1
http://www.biax.nl/resources/content/report_file_2417_636.pdf;1
#https://easy.dans.knaw.nl/ui/datasets/id/easy-dataset:38688/tab/2#;1
#https://easy.dans.knaw.nl/ui/datasets/id/easy-dataset:43100/tab/2#;1
#http://persistent-identifier.nl/?identifier=urn:nbn:nl:ui:13-tby-3jz#;1
#http://www.biax.nl/resources/content/report_file_747_360.pdf#;1
#http://www.biax.nl/resources/content/report_file_791_432.pdf#;1
#https://easy.dans.knaw.nl/ui/datasets/id/easy-dataset:52949/tab/2#;1
#https://easy.dans.knaw.nl/ui/datasets/id/easy-dataset:44459/tab/2#;1
#http://www.biax.nl/rapporten/105#;1
NULL;613
