http://www.nederlandsesoorten.nl/nsr/concept/0AHCYSI11363;1
http://www.nederlandsesoorten.nl/nsr/concept/000464941068;1
http://www.nederlandsesoorten.nl/nsr/concept/0AHCYFEPTBGD;1
http://www.nederlandsesoorten.nl/nsr/concept/000464941501;1
;0
http://www.nederlandsesoorten.nl/nsr/concept/0AHCYFBRIUND;1
http://www.nederlandsesoorten.nl/nsr/concept/000465031974;1
http://www.nederlandsesoorten.nl/nsr/concept/000486766126;1
http://www.nederlandsesoorten.nl/nsr/concept/0AHCYFEPKDXQ;1
http://www.nederlandsesoorten.nl/nsr/concept/0AHCYSI11027;1
http://www.nederlandsesoorten.nl/nsr/concept/0AHCYFBQZQAC;1
http://www.nederlandsesoorten.nl/nsr/concept/0AHCYSI10339;1
http://www.nederlandsesoorten.nl/nsr/concept/000464941047;1
http://www.nederlandsesoorten.nl/nsr/concept/000465032009;1
http://www.nederlandsesoorten.nl/nsr/concept/0AHCYSI11039;1
http://www.nederlandsesoorten.nl/nsr/concept/000455864337;1
http://www.nederlandsesoorten.nl/nsr/concept/0AHCYFBSZRNN;1
http://www.nederlandsesoorten.nl/nsr/concept/0AHCYFEPPGUY;1
http://www.nederlandsesoorten.nl/nsr/concept/0AHCYFBUVOVZ;1
http://www.nederlandsesoorten.nl/nsr/concept/0AHCYFBRMWZO;1
http://www.nederlandsesoorten.nl/nsr/concept/0AHCYFBQZAGC;1
http://www.nederlandsesoorten.nl/nsr/concept/0Y5FLFX8HSSO;1
http://www.nederlandsesoorten.nl/nsr/concept/000486763917;1
http://www.nederlandsesoorten.nl/nsr/concept/000464942960;1
http://www.nederlandsesoorten.nl/nsr/concept/0AHCYSI11003;1
http://www.nederlandsesoorten.nl/nsr/concept/0AHCYFAQMILA;1
http://www.nederlandsesoorten.nl/nsr/concept/0AHCYFBUTDFU;1
http://www.nederlandsesoorten.nl/nsr/concept/0AHCYFBQXSZE;1
http://www.nederlandsesoorten.nl/nsr/concept/000455863671;1
http://www.nederlandsesoorten.nl/nsr/concept/000455864190;1
http://www.nederlandsesoorten.nl/nsr/concept/0AHCYFBYLXBO;1
http://www.nederlandsesoorten.nl/nsr/concept/000464941438;1
http://www.nederlandsesoorten.nl/nsr/concept/000465032384;1
http://www.nederlandsesoorten.nl/nsr/concept/0AHCYSI11026;1
http://www.nederlandsesoorten.nl/nsr/concept/000464943151;1
http://www.nederlandsesoorten.nl/nsr/concept/0AHCYSI11173;1
http://www.nederlandsesoorten.nl/nsr/concept/0AHCYFBVZHPS;1
http://www.nederlandsesoorten.nl/nsr/concept/0AHCYFBXUGYB;1
http://www.nederlandsesoorten.nl/nsr/concept/0AHCYSI11122;1
http://www.nederlandsesoorten.nl/nsr/concept/0AHCYFCTLJNU;1
http://www.nederlandsesoorten.nl/nsr/concept/0AHCYFEPMQBE;1
http://www.nederlandsesoorten.nl/nsr/concept/000486765678;1
http://www.nederlandsesoorten.nl/nsr/concept/0AHCYSI11088;1
http://www.nederlandsesoorten.nl/nsr/concept/000455863842;1
http://www.nederlandsesoorten.nl/nsr/concept/000465032269;1
http://www.nederlandsesoorten.nl/nsr/concept/000464942905;1
http://www.nederlandsesoorten.nl/nsr/concept/0AHCYSI10493;1
http://www.nederlandsesoorten.nl/nsr/concept/0AHCYFEPNLVK;1
http://www.nederlandsesoorten.nl/nsr/concept/000464943415;1
http://www.nederlandsesoorten.nl/nsr/concept/000465032262;2
http://www.nederlandsesoorten.nl/nsr/concept/000465032066;1
http://www.nederlandsesoorten.nl/nsr/concept/000455863932;1
http://www.nederlandsesoorten.nl/nsr/concept/000486764051;1
http://www.nederlandsesoorten.nl/nsr/concept/0AHCYSI10518;1
http://www.nederlandsesoorten.nl/nsr/concept/0AHCYFEPRTQH;1
http://www.nederlandsesoorten.nl/nsr/concept/000486765972;1
http://www.nederlandsesoorten.nl/nsr/concept/0AHCYSI10337;1
http://www.nederlandsesoorten.nl/nsr/concept/000455863897;1
http://www.nederlandsesoorten.nl/nsr/concept/0AHCYSI10374;1
http://www.nederlandsesoorten.nl/nsr/concept/000455863904;1
http://www.nederlandsesoorten.nl/nsr/concept/0AHCYSI11155;1
http://www.nederlandsesoorten.nl/nsr/concept/0AHCYFEPQKDM;1
http://www.nederlandsesoorten.nl/nsr/concept/000455864414;1
http://www.nederlandsesoorten.nl/nsr/concept/0AHCYSI11180;1
http://www.nederlandsesoorten.nl/nsr/concept/000465032199;1
http://www.nederlandsesoorten.nl/nsr/concept/0AHCYFBRHMSV;1
http://www.nederlandsesoorten.nl/nsr/concept/000464941150;1
http://www.nederlandsesoorten.nl/nsr/concept/0AHCYSI10469;1
http://www.nederlandsesoorten.nl/nsr/concept/0AHCYFBXHQFY;1
http://www.nederlandsesoorten.nl/nsr/concept/000455863751;1
http://www.nederlandsesoorten.nl/nsr/concept/0AHCYSI10365;1
http://www.nederlandsesoorten.nl/nsr/concept/0AHCYFEPRVNG;1
http://www.nederlandsesoorten.nl/nsr/concept/0AHCYFEPOATD;1
http://www.nederlandsesoorten.nl/nsr/concept/000486764065;1
http://www.nederlandsesoorten.nl/nsr/concept/0AHCYFBXIPCT;1
http://www.nederlandsesoorten.nl/nsr/concept/0AHCYFBRMSWS;1
http://www.nederlandsesoorten.nl/nsr/concept/0AHCYSI10439;1
http://www.nederlandsesoorten.nl/nsr/concept/000455864079;1
http://www.nederlandsesoorten.nl/nsr/concept/0AHCYFCGVMCA;1
http://www.nederlandsesoorten.nl/nsr/concept/000464942548;1
http://www.nederlandsesoorten.nl/nsr/concept/000464941814;1
http://www.nederlandsesoorten.nl/nsr/concept/0AHCYSI11428;1
http://www.nederlandsesoorten.nl/nsr/concept/0AHCYSI11740;1
http://www.nederlandsesoorten.nl/nsr/concept/000486765067;1
http://www.nederlandsesoorten.nl/nsr/concept/0AHCYFBVTTKP;1
http://www.nederlandsesoorten.nl/nsr/concept/0AHCYFEPRODK;1
http://www.nederlandsesoorten.nl/nsr/concept/0AHCYFBRDBWH;1
http://www.nederlandsesoorten.nl/nsr/concept/0AHCYSI11343;1
http://www.nederlandsesoorten.nl/nsr/concept/000455863402;1
http://www.nederlandsesoorten.nl/nsr/concept/0AHCYSI10347;1
http://www.nederlandsesoorten.nl/nsr/concept/000465031569;1
http://www.nederlandsesoorten.nl/nsr/concept/0AHCYFBQACHP;1
http://www.nederlandsesoorten.nl/nsr/concept/000455863779;1
http://www.nederlandsesoorten.nl/nsr/concept/000486763775;1
http://www.nederlandsesoorten.nl/nsr/concept/000455512059;1
http://www.nederlandsesoorten.nl/nsr/concept/0AHCYFBTKJZC;1
http://www.nederlandsesoorten.nl/nsr/concept/0AHCYSI11721;1
http://www.nederlandsesoorten.nl/nsr/concept/000455864253;1
http://www.nederlandsesoorten.nl/nsr/concept/000464941452;1
http://www.nederlandsesoorten.nl/nsr/concept/000455864295;1
http://www.nederlandsesoorten.nl/nsr/concept/0AHCYFBWHWNE;1
http://www.nederlandsesoorten.nl/nsr/concept/000464942134;1
http://www.nederlandsesoorten.nl/nsr/concept/000455863566;1
http://www.nederlandsesoorten.nl/nsr/concept/000464943270;1
http://www.nederlandsesoorten.nl/nsr/concept/0AHCYFBYFQSD;1
http://www.nederlandsesoorten.nl/nsr/concept/000455864232;1
http://www.nederlandsesoorten.nl/nsr/concept/000464941926;1
http://www.nederlandsesoorten.nl/nsr/concept/0AHCYSI10472;1
http://www.nederlandsesoorten.nl/nsr/concept/0XVW069RTWSH;1
http://www.nederlandsesoorten.nl/nsr/concept/000464942974;1
http://www.nederlandsesoorten.nl/nsr/concept/000455864718;1
http://www.nederlandsesoorten.nl/nsr/concept/0AHCYFEPLQIO;1
http://www.nederlandsesoorten.nl/nsr/concept/0AHCYFBQWRAR;1
http://www.nederlandsesoorten.nl/nsr/concept/000464943827;1
http://www.nederlandsesoorten.nl/nsr/concept/0AHCYSI10371;1
http://www.nederlandsesoorten.nl/nsr/concept/0AHCYFCTIKAO;1
http://www.nederlandsesoorten.nl/nsr/concept/000455864225;1
http://www.nederlandsesoorten.nl/nsr/concept/0AHCYFBRNFKD;1
http://www.nederlandsesoorten.nl/nsr/concept/000464941632;1
http://www.nederlandsesoorten.nl/nsr/concept/000455863636;1
http://www.nederlandsesoorten.nl/nsr/concept/0AHCYFBXEMLW;1
http://www.nederlandsesoorten.nl/nsr/concept/000455863953;1
http://www.nederlandsesoorten.nl/nsr/concept/0AHCYFBWXBFK;1
http://www.nederlandsesoorten.nl/nsr/concept/000455864725;1
http://www.nederlandsesoorten.nl/nsr/concept/0AHCYFEPGQAA;1
http://www.nederlandsesoorten.nl/nsr/concept/000455864442;1
http://www.nederlandsesoorten.nl/nsr/concept/0AHCYFEPKRDH;1
http://www.nederlandsesoorten.nl/nsr/concept/000464941326;1
http://www.nederlandsesoorten.nl/nsr/concept/0AHCYSI10425;1
http://www.nederlandsesoorten.nl/nsr/concept/000464944182;1
http://www.nederlandsesoorten.nl/nsr/concept/000464943130;1
http://www.nederlandsesoorten.nl/nsr/concept/000455863520;1
http://www.nederlandsesoorten.nl/nsr/concept/0AHCYFBWPMXF;1
http://www.nederlandsesoorten.nl/nsr/concept/0AHCYFAQMMEY;1
http://www.nederlandsesoorten.nl/nsr/concept/0AHCYSI11425;1
http://www.nederlandsesoorten.nl/nsr/concept/0AHCYFBQWSBK;1
http://www.nederlandsesoorten.nl/nsr/concept/000455863548;1
http://www.nederlandsesoorten.nl/nsr/concept/0AHCYSI11340;1
http://www.nederlandsesoorten.nl/nsr/concept/000464941082;1
http://www.nederlandsesoorten.nl/nsr/concept/0AHCYFBUVGGZ;1
http://www.nederlandsesoorten.nl/nsr/concept/000455863573;1
http://www.nederlandsesoorten.nl/nsr/concept/000455511874;1
http://www.nederlandsesoorten.nl/nsr/concept/000464941744;1
http://www.nederlandsesoorten.nl/nsr/concept/000623352902;1
http://www.nederlandsesoorten.nl/nsr/concept/0AHCYFEPERYK;1
http://www.nederlandsesoorten.nl/nsr/concept/000455511809;1
http://www.nederlandsesoorten.nl/nsr/concept/0AHCYSI11084;1
http://www.nederlandsesoorten.nl/nsr/concept/0AHCYSI11427;1
http://www.nederlandsesoorten.nl/nsr/concept/0AHCYFBRECYN;1
http://www.nederlandsesoorten.nl/nsr/concept/0AHCYSI11121;1
http://www.nederlandsesoorten.nl/nsr/concept/0AHCYSI10500;1
http://www.nederlandsesoorten.nl/nsr/concept/0AHCYSI10384;1
http://www.nederlandsesoorten.nl/nsr/concept/0AHCYFBUOQHJ;1
http://www.nederlandsesoorten.nl/nsr/concept/0AHCYFBRMOTX;1
http://www.nederlandsesoorten.nl/nsr/concept/0AHCYFBWWHRL;1
http://www.nederlandsesoorten.nl/nsr/concept/000464942590;1
http://www.nederlandsesoorten.nl/nsr/concept/0AHCYFBXUBLP;1
http://www.nederlandsesoorten.nl/nsr/concept/0AHCYSI11429;1
http://www.nederlandsesoorten.nl/nsr/concept/000455863835;1
http://www.nederlandsesoorten.nl/nsr/concept/0AHCYFBVXFLF;1
http://www.nederlandsesoorten.nl/nsr/concept/000455511707;1
http://www.nederlandsesoorten.nl/nsr/concept/0AHCYSI11420;1
http://www.nederlandsesoorten.nl/nsr/concept/000464941835;1
http://www.nederlandsesoorten.nl/nsr/concept/0AHCYSI11531;1
http://www.nederlandsesoorten.nl/nsr/concept/0AHCYFBTHVCT;1
http://www.nederlandsesoorten.nl/nsr/concept/0AHCYSI11430;1
http://www.nederlandsesoorten.nl/nsr/concept/0AHCYSI10430;1
http://www.nederlandsesoorten.nl/nsr/concept/000465031646;1
http://www.nederlandsesoorten.nl/nsr/concept/0KU3I595YV6U;1
http://www.nederlandsesoorten.nl/nsr/concept/000464942078;1
http://www.nederlandsesoorten.nl/nsr/concept/0AHCYSI02206;1
http://www.nederlandsesoorten.nl/nsr/concept/0AHCYSI11374;1
http://www.nederlandsesoorten.nl/nsr/concept/000464942251;1
http://www.nederlandsesoorten.nl/nsr/concept/000464943952;1
http://www.nederlandsesoorten.nl/nsr/concept/0AHCYFBRADJT;1
http://www.nederlandsesoorten.nl/nsr/concept/0AHCYFBRMYAH;1
http://www.nederlandsesoorten.nl/nsr/concept/000465032023;1
http://www.nederlandsesoorten.nl/nsr/concept/0AHCYFBVZKSG;1
http://www.nederlandsesoorten.nl/nsr/concept/0AHCYFEPPVJT;1
http://www.nederlandsesoorten.nl/nsr/concept/000455864599;1
http://www.nederlandsesoorten.nl/nsr/concept/000464943099;1
http://www.nederlandsesoorten.nl/nsr/concept/0ZTWXVMJD8X5;1
http://www.nederlandsesoorten.nl/nsr/concept/000464943924;1
http://www.nederlandsesoorten.nl/nsr/concept/0AHCYSI03284;1
http://www.nederlandsesoorten.nl/nsr/concept/0AHCYFAOXHPT;1
http://www.nederlandsesoorten.nl/nsr/concept/0AHCYFEPOXFF;1
http://www.nederlandsesoorten.nl/nsr/concept/0AHCYFEPTAFL;1
http://www.nederlandsesoorten.nl/nsr/concept/000464941262;1
http://www.nederlandsesoorten.nl/nsr/concept/000464941522;1
http://www.nederlandsesoorten.nl/nsr/concept/000464943291;1
http://www.nederlandsesoorten.nl/nsr/concept/000455864655;1
http://www.nederlandsesoorten.nl/nsr/concept/000464942148;1
http://www.nederlandsesoorten.nl/nsr/concept/0AHCYFEPBHLV;1
http://www.nederlandsesoorten.nl/nsr/concept/000464942632;1
http://www.nederlandsesoorten.nl/nsr/concept/0AHCYFBVUMHD;1
http://www.nederlandsesoorten.nl/nsr/concept/0AHCYSI11024;1
http://www.nederlandsesoorten.nl/nsr/concept/000486764325;1
http://www.nederlandsesoorten.nl/nsr/concept/000464942113;1
http://www.nederlandsesoorten.nl/nsr/concept/000465032398;1
http://www.nederlandsesoorten.nl/nsr/concept/0AHCYSI10441;1
http://www.nederlandsesoorten.nl/nsr/concept/0AHCYSI11019;1
http://www.nederlandsesoorten.nl/nsr/concept/0AHCYSI03268;1
http://www.nederlandsesoorten.nl/nsr/concept/0AHCYFBUUNFY;1
http://www.nederlandsesoorten.nl/nsr/concept/000464943312;1
http://www.nederlandsesoorten.nl/nsr/concept/0AHCYFBVCEHU;1
http://www.nederlandsesoorten.nl/nsr/concept/0AHCYFBUVLBP;1
http://www.nederlandsesoorten.nl/nsr/concept/0AHCYFBREDZF;1
http://www.nederlandsesoorten.nl/nsr/concept/000486763820;1
http://www.nederlandsesoorten.nl/nsr/concept/0AHCYFBTRDSQ;1
http://www.nederlandsesoorten.nl/nsr/concept/0AHCYFBQWUQE;1
http://www.nederlandsesoorten.nl/nsr/concept/000455511723;1
http://www.nederlandsesoorten.nl/nsr/concept/000455863772;1
http://www.nederlandsesoorten.nl/nsr/concept/000455864351;1
http://www.nederlandsesoorten.nl/nsr/concept/0AHCYSI11134;1
http://www.nederlandsesoorten.nl/nsr/concept/0F0MC7UMKQN4;1
http://www.nederlandsesoorten.nl/nsr/concept/000455511767;1
http://www.nederlandsesoorten.nl/nsr/concept/0AHCYFEPOBTW;1
http://www.nederlandsesoorten.nl/nsr/concept/0LJ9ZCW57XYI;1
http://www.nederlandsesoorten.nl/nsr/concept/0AHCYSI03290;1
http://www.nederlandsesoorten.nl/nsr/concept/000465031518;1
http://www.nederlandsesoorten.nl/nsr/concept/000455864163;1
http://www.nederlandsesoorten.nl/nsr/concept/000464942244;1
http://www.nederlandsesoorten.nl/nsr/concept/0AHCYFBUYDWU;1
http://www.nederlandsesoorten.nl/nsr/concept/000455864620;1
http://www.nederlandsesoorten.nl/nsr/concept/0AHCYSI10440;1
http://www.nederlandsesoorten.nl/nsr/concept/000464941431;1
http://www.nederlandsesoorten.nl/nsr/concept/0AHCYFBWAFUG;1
http://www.nederlandsesoorten.nl/nsr/concept/0AHCYFBQXMDC;1
http://www.nederlandsesoorten.nl/nsr/concept/000464942611;1
http://www.nederlandsesoorten.nl/nsr/concept/0AHCYSI11342;1
http://www.nederlandsesoorten.nl/nsr/concept/0AHCYSI11570;1
http://www.nederlandsesoorten.nl/nsr/concept/0JL8TTMNSQ4N;1
http://www.nederlandsesoorten.nl/nsr/concept/000455863697;1
http://www.nederlandsesoorten.nl/nsr/concept/0AHCYSI11360;1
http://www.nederlandsesoorten.nl/nsr/concept/000455511736;1
http://www.nederlandsesoorten.nl/nsr/concept/000464941466;1
http://www.nederlandsesoorten.nl/nsr/concept/000455864156;1
http://www.nederlandsesoorten.nl/nsr/concept/000455863786;1
http://www.nederlandsesoorten.nl/nsr/concept/0AHCYSI10442;1
http://www.nederlandsesoorten.nl/nsr/concept/0AHCYFCTLHQU;1
http://www.nederlandsesoorten.nl/nsr/concept/000486766008;1
http://www.nederlandsesoorten.nl/nsr/concept/0AHCYFEPFVKY;1
http://www.nederlandsesoorten.nl/nsr/concept/0AHCYSI10380;1
http://www.nederlandsesoorten.nl/nsr/concept/000465032412;1
http://www.nederlandsesoorten.nl/nsr/concept/0AHCYFCTIFBL;1
http://www.nederlandsesoorten.nl/nsr/concept/000455864641;1
http://www.nederlandsesoorten.nl/nsr/concept/000464942695;1
http://www.nederlandsesoorten.nl/nsr/concept/0AHCYFEPODRH;1
http://www.nederlandsesoorten.nl/nsr/concept/000455864428;1
http://www.nederlandsesoorten.nl/nsr/concept/000455863369;1
http://www.nederlandsesoorten.nl/nsr/concept/000464942653;1
http://www.nederlandsesoorten.nl/nsr/concept/000455863725;1
http://www.nederlandsesoorten.nl/nsr/concept/000464941131;1
http://www.nederlandsesoorten.nl/nsr/concept/000465032339;1
http://www.nederlandsesoorten.nl/nsr/concept/000455863527;1
http://www.nederlandsesoorten.nl/nsr/concept/0AHCYSI11083;1
http://www.nederlandsesoorten.nl/nsr/concept/000464941828;1
http://www.nederlandsesoorten.nl/nsr/concept/000465031618;1
http://www.nederlandsesoorten.nl/nsr/concept/0ZX5NC8W0AET;1
http://www.nederlandsesoorten.nl/nsr/concept/000455511781;1
http://www.nederlandsesoorten.nl/nsr/concept/0BD620504C81;1
http://www.nederlandsesoorten.nl/nsr/concept/000465031625;1
http://www.nederlandsesoorten.nl/nsr/concept/000464943654;1
http://www.nederlandsesoorten.nl/nsr/concept/0AHCYSI11136;1
http://www.nederlandsesoorten.nl/nsr/concept/000455864030;1
http://www.nederlandsesoorten.nl/nsr/concept/000464942204;1
http://www.nederlandsesoorten.nl/nsr/concept/000465031981;1
http://www.nederlandsesoorten.nl/nsr/concept/000455864281;1
http://www.nederlandsesoorten.nl/nsr/concept/000464943876;1
http://www.nederlandsesoorten.nl/nsr/concept/000486764860;1
http://www.nederlandsesoorten.nl/nsr/concept/0AHCYFBXNBRV;1
http://www.nederlandsesoorten.nl/nsr/concept/000465032087;1
http://www.nederlandsesoorten.nl/nsr/concept/0AHCYFBRKABO;1
http://www.nederlandsesoorten.nl/nsr/concept/000464943207;2
http://www.nederlandsesoorten.nl/nsr/concept/0AHCYSI11533;1
http://www.nederlandsesoorten.nl/nsr/concept/000464943137;1
http://www.nederlandsesoorten.nl/nsr/concept/0AHCYFBUOJCK;1
http://www.nederlandsesoorten.nl/nsr/concept/0AHCYFBQCCYA;1
http://www.nederlandsesoorten.nl/nsr/concept/0AHCYFBXFDTX;1
http://www.nederlandsesoorten.nl/nsr/concept/000455863988;1
http://www.nederlandsesoorten.nl/nsr/concept/0AHCYFEPPCAH;1
http://www.nederlandsesoorten.nl/nsr/concept/0AHCYFEPDPDE;1
http://www.nederlandsesoorten.nl/nsr/concept/01FE3LC73OFP;1
http://www.nederlandsesoorten.nl/nsr/concept/000455512128;1
http://www.nederlandsesoorten.nl/nsr/concept/0AHCYFBVZMTR;1
http://www.nederlandsesoorten.nl/nsr/concept/000464942769;1
http://www.nederlandsesoorten.nl/nsr/concept/000486764970;1
http://www.nederlandsesoorten.nl/nsr/concept/0AHCYFEPMMQD;1
http://www.nederlandsesoorten.nl/nsr/concept/0AHCYFBXXKAT;1
http://www.nederlandsesoorten.nl/nsr/concept/0AHCYSI10431;1
http://www.nederlandsesoorten.nl/nsr/concept/0AHCYFBSUSPB;1
http://www.nederlandsesoorten.nl/nsr/concept/0N82KBQHOFN7;1
http://www.nederlandsesoorten.nl/nsr/concept/000455863884;1
http://www.nederlandsesoorten.nl/nsr/concept/000464944126;1
http://www.nederlandsesoorten.nl/nsr/concept/000455863732;1
http://www.nederlandsesoorten.nl/nsr/concept/000465032405;1
http://www.nederlandsesoorten.nl/nsr/concept/000464943689;1
http://www.nederlandsesoorten.nl/nsr/concept/000464942314;1
http://www.nederlandsesoorten.nl/nsr/concept/0AHCYFBUTUST;1
http://www.nederlandsesoorten.nl/nsr/concept/000455512248;1
http://www.nederlandsesoorten.nl/nsr/concept/000455864421;1
http://www.nederlandsesoorten.nl/nsr/concept/0AHCYFBUTHJB;1
http://www.nederlandsesoorten.nl/nsr/concept/0AHCYFBRBUPI;1
http://www.nederlandsesoorten.nl/nsr/concept/000455864288;1
http://www.nederlandsesoorten.nl/nsr/concept/000455863355;1
http://www.nederlandsesoorten.nl/nsr/concept/000455864379;1
http://www.nederlandsesoorten.nl/nsr/concept/0AHCYSI11421;1
http://www.nederlandsesoorten.nl/nsr/concept/0AHCYSI11491;1
http://www.nederlandsesoorten.nl/nsr/concept/0AHCYSI10463;1
http://www.nederlandsesoorten.nl/nsr/concept/000455863877;1
http://www.nederlandsesoorten.nl/nsr/concept/0AHCYFEPFBXA;1
http://www.nederlandsesoorten.nl/nsr/concept/0AHCYSI10394;1
http://www.nederlandsesoorten.nl/nsr/concept/000455863492;1
http://www.nederlandsesoorten.nl/nsr/concept/000464941515;1
http://www.nederlandsesoorten.nl/nsr/concept/0AHCYFEPCZNQ;1
http://www.nederlandsesoorten.nl/nsr/concept/000465032391;1
http://www.nederlandsesoorten.nl/nsr/concept/0AHCYSI10437;1
http://www.nederlandsesoorten.nl/nsr/concept/0AHCYSI11025;1
http://www.nederlandsesoorten.nl/nsr/concept/0AHCYSI11152;1
http://www.nederlandsesoorten.nl/nsr/concept/0AHCYSI11181;1
http://www.nederlandsesoorten.nl/nsr/concept/000455512079;1
http://www.nederlandsesoorten.nl/nsr/concept/0AHCYFBQHWYX;1
http://www.nederlandsesoorten.nl/nsr/concept/000464942225;1
http://www.nederlandsesoorten.nl/nsr/concept/000465032143;1
http://www.nederlandsesoorten.nl/nsr/concept/0AHCYFCGRARQ;1
http://www.nederlandsesoorten.nl/nsr/concept/0AHCYSI11672;1
http://www.nederlandsesoorten.nl/nsr/concept/000464942856;1
http://www.nederlandsesoorten.nl/nsr/concept/000464942183;1
http://www.nederlandsesoorten.nl/nsr/concept/000455863739;1
http://www.nederlandsesoorten.nl/nsr/concept/0AHCYFCGVYTW;1
http://www.nederlandsesoorten.nl/nsr/concept/0AHCYFBWHNGJ;1
http://www.nederlandsesoorten.nl/nsr/concept/000464943959;1
http://www.nederlandsesoorten.nl/nsr/concept/000464941424;1
http://www.nederlandsesoorten.nl/nsr/concept/0AHCYSI11020;1
http://www.nederlandsesoorten.nl/nsr/concept/0AHCYSI10517;1
http://www.nederlandsesoorten.nl/nsr/concept/0AHCYSI10468;1
http://www.nederlandsesoorten.nl/nsr/concept/000464943834;1
http://www.nederlandsesoorten.nl/nsr/concept/0AHCYSI11423;1
http://www.nederlandsesoorten.nl/nsr/concept/0AHCYSI11779;1
http://www.nederlandsesoorten.nl/nsr/concept/000465031525;1
http://www.nederlandsesoorten.nl/nsr/concept/000455864634;1
http://www.nederlandsesoorten.nl/nsr/concept/000464942494;1
http://www.nederlandsesoorten.nl/nsr/concept/000464941709;1
http://www.nederlandsesoorten.nl/nsr/concept/0AHCYFBUEXXI;1
http://www.nederlandsesoorten.nl/nsr/concept/000464941508;1
http://www.nederlandsesoorten.nl/nsr/concept/0AHCYFCTHSJD;1
http://www.nederlandsesoorten.nl/nsr/concept/0AHCYFCTMXVF;1
http://www.nederlandsesoorten.nl/nsr/concept/0AHCYFCTNWNP;1
http://www.nederlandsesoorten.nl/nsr/concept/0AHCYFEPNUTJ;1
http://www.nederlandsesoorten.nl/nsr/concept/000464942071;1
http://www.nederlandsesoorten.nl/nsr/concept/0AHCYSI11565;1
http://www.nederlandsesoorten.nl/nsr/concept/0AHCYSI07326;1
http://www.nederlandsesoorten.nl/nsr/concept/000455864676;1
http://www.nederlandsesoorten.nl/nsr/concept/0AHCYFEPDOCM;1
http://www.nederlandsesoorten.nl/nsr/concept/0412B49247E1;1
http://www.nederlandsesoorten.nl/nsr/concept/0AHCYFEPMGCO;1
http://www.nederlandsesoorten.nl/nsr/concept/0AHCYFCHJSYO;1
http://www.nederlandsesoorten.nl/nsr/concept/000464941646;1
http://www.nederlandsesoorten.nl/nsr/concept/000464942176;1
http://www.nederlandsesoorten.nl/nsr/concept/000464943298;1
http://www.nederlandsesoorten.nl/nsr/concept/0AHCYFBXEGHE;1
http://www.nederlandsesoorten.nl/nsr/concept/0AHCYFEPDAOJ;1
http://www.nederlandsesoorten.nl/nsr/concept/0AHCYSI11120;1
http://www.nederlandsesoorten.nl/nsr/concept/0AHCYSI11337;1
http://www.nederlandsesoorten.nl/nsr/concept/000455864435;1
http://www.nederlandsesoorten.nl/nsr/concept/0AHCYSI10378;1
http://www.nederlandsesoorten.nl/nsr/concept/0AHCYSI10376;1
http://www.nederlandsesoorten.nl/nsr/concept/0AHCYSI10470;1
http://www.nederlandsesoorten.nl/nsr/concept/0AHCYFEPMXTY;1
http://www.nederlandsesoorten.nl/nsr/concept/0AHCYFEPGBPQ;1
http://www.nederlandsesoorten.nl/nsr/concept/000464942141;1
http://www.nederlandsesoorten.nl/nsr/concept/0AHCYFBXEDFB;1
http://www.nederlandsesoorten.nl/nsr/concept/000465032419;1
http://www.nederlandsesoorten.nl/nsr/concept/0AHCYFBXHMHO;1
http://www.nederlandsesoorten.nl/nsr/concept/000464943724;1
http://www.nederlandsesoorten.nl/nsr/concept/0AHCYFAQMJHG;1
http://www.nederlandsesoorten.nl/nsr/concept/000464943560;1
http://www.nederlandsesoorten.nl/nsr/concept/089537934699;1
http://www.nederlandsesoorten.nl/nsr/concept/04CA65BB4A66;1
http://www.nederlandsesoorten.nl/nsr/concept/000464941417;1
http://www.nederlandsesoorten.nl/nsr/concept/000455863587;1
http://www.nederlandsesoorten.nl/nsr/concept/000455863485;1
http://www.nederlandsesoorten.nl/nsr/concept/0AHCYSI11157;1
http://www.nederlandsesoorten.nl/nsr/concept/000464944091;1
http://www.nederlandsesoorten.nl/nsr/concept/0AHCYFEPKKUD;1
http://www.nederlandsesoorten.nl/nsr/concept/0AHCYSI10557;1
http://www.nederlandsesoorten.nl/nsr/concept/0AHCYSI10504;1
http://www.nederlandsesoorten.nl/nsr/concept/0AHCYFEPPLQA;1
http://www.nederlandsesoorten.nl/nsr/concept/0AHCYSI10864;1
http://www.nederlandsesoorten.nl/nsr/concept/000464941410;1
http://www.nederlandsesoorten.nl/nsr/concept/000464943456;1
http://www.nederlandsesoorten.nl/nsr/concept/0AHCYFBXJYPC;1
http://www.nederlandsesoorten.nl/nsr/concept/0AHCYFBRAWYD;1
http://www.nederlandsesoorten.nl/nsr/concept/0AHCYSI10421;1
http://www.nederlandsesoorten.nl/nsr/concept/0AHCYSI10476;1
http://www.nederlandsesoorten.nl/nsr/concept/000464941396;1
http://www.nederlandsesoorten.nl/nsr/concept/000455511824;1
http://www.nederlandsesoorten.nl/nsr/concept/000464943862;1
http://www.nederlandsesoorten.nl/nsr/concept/0AHCYSI10478;1
http://www.nederlandsesoorten.nl/nsr/concept/0AHCYSI10496;1
http://www.nederlandsesoorten.nl/nsr/concept/0AHCYFBUYMLU;1
http://www.nederlandsesoorten.nl/nsr/concept/0AHCYFBRBRNF;1
http://www.nederlandsesoorten.nl/nsr/concept/000464942064;1
http://www.nederlandsesoorten.nl/nsr/concept/0AHCYFBXHRHC;1
http://www.nederlandsesoorten.nl/nsr/concept/000486764363;1
http://www.nederlandsesoorten.nl/nsr/concept/0AHCYSI10499;1
http://www.nederlandsesoorten.nl/nsr/concept/000455863409;1
http://www.nederlandsesoorten.nl/nsr/concept/0AHCYFEPKFQP;1
http://www.nederlandsesoorten.nl/nsr/concept/0AHCYSI10503;1
http://www.nederlandsesoorten.nl/nsr/concept/0AHCYSI10398;1
http://www.nederlandsesoorten.nl/nsr/concept/0AHCYSI10483;1
http://www.nederlandsesoorten.nl/nsr/concept/0AHCYFBWJLMX;1
http://www.nederlandsesoorten.nl/nsr/concept/000465031576;1
http://www.nederlandsesoorten.nl/nsr/concept/0AHCYFBSKHDZ;1
http://www.nederlandsesoorten.nl/nsr/concept/000486763806;1
http://www.nederlandsesoorten.nl/nsr/concept/000455863580;1
http://www.nederlandsesoorten.nl/nsr/concept/0AHCYFBQWMOM;1
http://www.nederlandsesoorten.nl/nsr/concept/000464941241;1
http://www.nederlandsesoorten.nl/nsr/concept/000486766032;1
http://www.nederlandsesoorten.nl/nsr/concept/000465032002;1
http://www.nederlandsesoorten.nl/nsr/concept/000455863925;1
http://www.nederlandsesoorten.nl/nsr/concept/000464943903;1
http://www.nederlandsesoorten.nl/nsr/concept/0AHCYSI10381;1
http://www.nederlandsesoorten.nl/nsr/concept/000455863376;1
http://www.nederlandsesoorten.nl/nsr/concept/0AHCYFBVZNUK;1
http://www.nederlandsesoorten.nl/nsr/concept/0AHCYFBUTNNI;1
http://www.nederlandsesoorten.nl/nsr/concept/0AHCYFBXHDOB;1
http://www.nederlandsesoorten.nl/nsr/concept/0AHCYFBXECEI;1
http://www.nederlandsesoorten.nl/nsr/concept/0AHCYFBUPAOX;1
http://www.nederlandsesoorten.nl/nsr/concept/0AHCYFEPGTPY;1
http://www.nederlandsesoorten.nl/nsr/concept/0AHCYFEPNQYZ;1
http://www.nederlandsesoorten.nl/nsr/concept/0AHCYSI11434;1
http://www.nederlandsesoorten.nl/nsr/concept/0AHCYFBVWFXB;1
http://www.nederlandsesoorten.nl/nsr/concept/0AHCYFBXWYFE;1
http://www.nederlandsesoorten.nl/nsr/concept/0AHCYFBWFWKD;1
http://www.nederlandsesoorten.nl/nsr/concept/000464942604;1
http://www.nederlandsesoorten.nl/nsr/concept/000464943738;1
http://www.nederlandsesoorten.nl/nsr/concept/000464943710;1
http://www.nederlandsesoorten.nl/nsr/concept/0AHCYFEPJGPI;1
http://www.nederlandsesoorten.nl/nsr/concept/000464943595;1
http://www.nederlandsesoorten.nl/nsr/concept/0AHCYFBUVHHR;1
http://www.nederlandsesoorten.nl/nsr/concept/000455864669;1
http://www.nederlandsesoorten.nl/nsr/concept/0AHCYSI11338;1
http://www.nederlandsesoorten.nl/nsr/concept/000464942884;1
http://www.nederlandsesoorten.nl/nsr/concept/0AHCYFBQVPBT;1
http://www.nederlandsesoorten.nl/nsr/concept/0AHCYSI10436;1
http://www.nederlandsesoorten.nl/nsr/concept/0AHCYSI11177;1
http://www.nederlandsesoorten.nl/nsr/concept/000455863814;1
http://www.nederlandsesoorten.nl/nsr/concept/0AHCYFBXZMOD;1
http://www.nederlandsesoorten.nl/nsr/concept/0AHCYFEPQDCN;1
http://www.nederlandsesoorten.nl/nsr/concept/0AHCYSI10482;1
http://www.nederlandsesoorten.nl/nsr/concept/0XHB1RBIZTAD;1
http://www.nederlandsesoorten.nl/nsr/concept/000455863828;1
http://www.nederlandsesoorten.nl/nsr/concept/0AHCYFBXFBAS;1
http://www.nederlandsesoorten.nl/nsr/concept/0AHCYFBXEFGL;1
http://www.nederlandsesoorten.nl/nsr/concept/000464942597;1
http://www.nederlandsesoorten.nl/nsr/concept/0AHCYFEPLVQO;1
http://www.nederlandsesoorten.nl/nsr/concept/000486764591;1
http://www.nederlandsesoorten.nl/nsr/concept/0AHCYSI11339;1
http://www.nederlandsesoorten.nl/nsr/concept/0AHCYFBVAYBO;1
http://www.nederlandsesoorten.nl/nsr/concept/0AHCYFEPLWVS;1
http://www.nederlandsesoorten.nl/nsr/concept/000464945808;1
http://www.nederlandsesoorten.nl/nsr/concept/0AHCYFCTIOZQ;1
http://www.nederlandsesoorten.nl/nsr/concept/0AHCYFBVWCUM;1
http://www.nederlandsesoorten.nl/nsr/concept/000455863664;1
http://www.nederlandsesoorten.nl/nsr/concept/0AHCYFBUPWJD;1
http://www.nederlandsesoorten.nl/nsr/concept/0AHCYFCGPTTP;1
http://www.nederlandsesoorten.nl/nsr/concept/000455864239;1
http://www.nederlandsesoorten.nl/nsr/concept/0AHCYFCTJFLW;1
http://www.nederlandsesoorten.nl/nsr/concept/000465032136;1
http://www.nederlandsesoorten.nl/nsr/concept/000464941688;1
http://www.nederlandsesoorten.nl/nsr/concept/000455863608;1
http://www.nederlandsesoorten.nl/nsr/concept/000464942099;1
http://www.nederlandsesoorten.nl/nsr/concept/000455864543;1
http://www.nederlandsesoorten.nl/nsr/concept/000455863472;1
http://www.nederlandsesoorten.nl/nsr/concept/0AHCYFCTHPYV;1
http://www.nederlandsesoorten.nl/nsr/concept/0AHCYSI11507;1
http://www.nederlandsesoorten.nl/nsr/concept/0AHCYFBRFQSQ;1
http://www.nederlandsesoorten.nl/nsr/concept/000455864016;1
http://www.nederlandsesoorten.nl/nsr/concept/000455864002;1
http://www.nederlandsesoorten.nl/nsr/concept/000464943539;1
http://www.nederlandsesoorten.nl/nsr/concept/0AHCYFBQLMTB;1
http://www.nederlandsesoorten.nl/nsr/concept/000486765124;1
http://www.nederlandsesoorten.nl/nsr/concept/0AHCYSI10461;1
http://www.nederlandsesoorten.nl/nsr/concept/000486765864;1
http://www.nederlandsesoorten.nl/nsr/concept/0AHCYFCGUNFQ;1
http://www.nederlandsesoorten.nl/nsr/concept/0AHCYFBQSMIJ;1
http://www.nederlandsesoorten.nl/nsr/concept/000465032241;1
http://www.nederlandsesoorten.nl/nsr/concept/0AHCYSI10501;1
http://www.nederlandsesoorten.nl/nsr/concept/0AHCYSI10406;1
http://www.nederlandsesoorten.nl/nsr/concept/0CIHTSS6F1ZA;1
http://www.nederlandsesoorten.nl/nsr/concept/000464942520;1
http://www.nederlandsesoorten.nl/nsr/concept/000464942709;1
http://www.nederlandsesoorten.nl/nsr/concept/0AHCYSI11508;1
http://www.nederlandsesoorten.nl/nsr/concept/0AHCYSI10475;1
http://www.nederlandsesoorten.nl/nsr/concept/000464941354;1
http://www.nederlandsesoorten.nl/nsr/concept/0AHCYFBRMRWA;1
http://www.nederlandsesoorten.nl/nsr/concept/000464941751;1
http://www.nederlandsesoorten.nl/nsr/concept/000464944105;1
http://www.nederlandsesoorten.nl/nsr/concept/0AHCYSI10395;1
http://www.nederlandsesoorten.nl/nsr/concept/000464941807;1
http://www.nederlandsesoorten.nl/nsr/concept/0AHCYFBUUQIC;1
http://www.nederlandsesoorten.nl/nsr/concept/0AHCYFBVXSLZ;1
http://www.nederlandsesoorten.nl/nsr/concept/0AHCYSI10485;1
http://www.nederlandsesoorten.nl/nsr/concept/0AHCYSI11774;1
http://www.nederlandsesoorten.nl/nsr/concept/000464942988;1
http://www.nederlandsesoorten.nl/nsr/concept/0AHCYFBVXHDT;1
http://www.nederlandsesoorten.nl/nsr/concept/000464942816;1
http://www.nederlandsesoorten.nl/nsr/concept/000464942583;1
http://www.nederlandsesoorten.nl/nsr/concept/000465032304;1
http://www.nederlandsesoorten.nl/nsr/concept/000465031504;1
http://www.nederlandsesoorten.nl/nsr/concept/0AHCYSI11347;1
http://www.nederlandsesoorten.nl/nsr/concept/000464943179;1
http://www.nederlandsesoorten.nl/nsr/concept/0AHCYFBTHUCB;1
http://www.nederlandsesoorten.nl/nsr/concept/0AHCYSI10435;1
http://www.nederlandsesoorten.nl/nsr/concept/0AHCYSI10402;1
http://www.nederlandsesoorten.nl/nsr/concept/000455863553;1
http://www.nederlandsesoorten.nl/nsr/concept/000465032290;1
http://www.nederlandsesoorten.nl/nsr/concept/000464941138;1
http://www.nederlandsesoorten.nl/nsr/concept/049E8FA84656;1
http://www.nederlandsesoorten.nl/nsr/concept/0AHCYFBXCKGY;1
http://www.nederlandsesoorten.nl/nsr/concept/000464943931;1
http://www.nederlandsesoorten.nl/nsr/concept/000455863981;1
http://www.nederlandsesoorten.nl/nsr/concept/0AHCYFEPGLFJ;1
http://www.nederlandsesoorten.nl/nsr/concept/000455864648;1
http://www.nederlandsesoorten.nl/nsr/concept/000464941870;1
http://www.nederlandsesoorten.nl/nsr/concept/000455863758;1
http://www.nederlandsesoorten.nl/nsr/concept/0AHCYFCTHRDZ;1
http://www.nederlandsesoorten.nl/nsr/concept/000464942790;1
http://www.nederlandsesoorten.nl/nsr/concept/0AHCYFEPRIMM;1
http://www.nederlandsesoorten.nl/nsr/concept/0AHCYSI11183;1
http://www.nederlandsesoorten.nl/nsr/concept/000455863995;1
http://www.nederlandsesoorten.nl/nsr/concept/0CM378HVT321;1
http://www.nederlandsesoorten.nl/nsr/concept/000464943752;1
http://www.nederlandsesoorten.nl/nsr/concept/0AHCYFEPMOIR;1
http://www.nederlandsesoorten.nl/nsr/concept/0AHCYFBVCHJX;1
http://www.nederlandsesoorten.nl/nsr/concept/000465032377;1
http://www.nederlandsesoorten.nl/nsr/concept/0AHCYFBUVACG;1
http://www.nederlandsesoorten.nl/nsr/concept/000455864393;1
http://www.nederlandsesoorten.nl/nsr/concept/0AHCYSI10418;1
http://www.nederlandsesoorten.nl/nsr/concept/0AHCYSI11174;1
http://www.nederlandsesoorten.nl/nsr/concept/000464941793;1
http://www.nederlandsesoorten.nl/nsr/concept/02BE64014FB8;1
http://www.nederlandsesoorten.nl/nsr/concept/000455863718;1
http://www.nederlandsesoorten.nl/nsr/concept/0AHCYSI10460;1
http://www.nederlandsesoorten.nl/nsr/concept/000464942576;1
http://www.nederlandsesoorten.nl/nsr/concept/000464941061;1
http://www.nederlandsesoorten.nl/nsr/concept/000455863946;1
http://www.nederlandsesoorten.nl/nsr/concept/0AHCYFBXEORT;1
http://www.nederlandsesoorten.nl/nsr/concept/0AHCYFEPSWCD;1
http://www.nederlandsesoorten.nl/nsr/concept/000455864107;1
http://www.nederlandsesoorten.nl/nsr/concept/0AHCYSI11569;1
http://www.nederlandsesoorten.nl/nsr/concept/0AHCYFBQYEQI;1
http://www.nederlandsesoorten.nl/nsr/concept/0AHCXIYUHAAB;1
http://www.nederlandsesoorten.nl/nsr/concept/000465032157;1
http://www.nederlandsesoorten.nl/nsr/concept/0AHCYFBRJECW;1
http://www.nederlandsesoorten.nl/nsr/concept/0AHCYSI11336;1
http://www.nederlandsesoorten.nl/nsr/concept/000486764934;1
http://www.nederlandsesoorten.nl/nsr/concept/0AHCYFBWWISE;1
http://www.nederlandsesoorten.nl/nsr/concept/0AHCYSI11612;1
http://www.nederlandsesoorten.nl/nsr/concept/000455863939;1
http://www.nederlandsesoorten.nl/nsr/concept/0AHCYFEPOVDU;1
http://www.nederlandsesoorten.nl/nsr/concept/000464942106;1
http://www.nederlandsesoorten.nl/nsr/concept/0AHCYFBVGACE;1
http://www.nederlandsesoorten.nl/nsr/concept/0AHCYFBTUISI;1
http://www.nederlandsesoorten.nl/nsr/concept/000455864557;1
http://www.nederlandsesoorten.nl/nsr/concept/000464941912;1
http://www.nederlandsesoorten.nl/nsr/concept/0AHCYSI10556;1
http://www.nederlandsesoorten.nl/nsr/concept/0AHCYFBXDZBT;1
http://www.nederlandsesoorten.nl/nsr/concept/0AHCYFBXEACX;1
http://www.nederlandsesoorten.nl/nsr/concept/000465031967;1
http://www.nederlandsesoorten.nl/nsr/concept/0AHCYSI11184;1
http://www.nederlandsesoorten.nl/nsr/concept/000464942569;1
http://www.nederlandsesoorten.nl/nsr/concept/0AHCYFBSPJNM;1
http://www.nederlandsesoorten.nl/nsr/concept/0AHCYSI11172;1
http://www.nederlandsesoorten.nl/nsr/concept/0AHCYFEPQIKZ;1
http://www.nederlandsesoorten.nl/nsr/concept/0AHCYSI10385;1
http://www.nederlandsesoorten.nl/nsr/concept/0AHCYSI10563;1
http://www.nederlandsesoorten.nl/nsr/concept/0AHCYSI10405;1
http://www.nederlandsesoorten.nl/nsr/concept/0AHCYSI10465;1
http://www.nederlandsesoorten.nl/nsr/concept/0AHCYFEPRXOR;1
http://www.nederlandsesoorten.nl/nsr/concept/0AHCYFBSNUOF;1
http://www.nederlandsesoorten.nl/nsr/concept/000465031539;1
http://www.nederlandsesoorten.nl/nsr/concept/000464942366;1
http://www.nederlandsesoorten.nl/nsr/concept/0AHCYSI11564;1
http://www.nederlandsesoorten.nl/nsr/concept/0AHCYFBQHLQR;1
http://www.nederlandsesoorten.nl/nsr/concept/0AHCYSI11771;1
http://www.nederlandsesoorten.nl/nsr/concept/000455863622;1
http://www.nederlandsesoorten.nl/nsr/concept/0AHCYFEPGSPG;1
http://www.nederlandsesoorten.nl/nsr/concept/000465032353;1
http://www.nederlandsesoorten.nl/nsr/concept/000465031546;1
http://www.nederlandsesoorten.nl/nsr/concept/000455863534;1
http://www.nederlandsesoorten.nl/nsr/concept/000464942742;1
http://www.nederlandsesoorten.nl/nsr/concept/0AHCYFCTJVFW;1
http://www.nederlandsesoorten.nl/nsr/concept/0AHCYFEPNYEJ;1
http://www.nederlandsesoorten.nl/nsr/concept/000464942487;1
http://www.nederlandsesoorten.nl/nsr/concept/0AHCYFBUXKEK;1
http://www.nederlandsesoorten.nl/nsr/concept/000464943588;1
http://www.nederlandsesoorten.nl/nsr/concept/0AHCYFBTRPFI;1
http://www.nederlandsesoorten.nl/nsr/concept/0AHCYFBWFGYP;1
http://www.nederlandsesoorten.nl/nsr/concept/0AHCYFBVUNHW;1
http://www.nederlandsesoorten.nl/nsr/concept/0AHCYSI11150;1
http://www.nederlandsesoorten.nl/nsr/concept/0AHCYSI11185;1
http://www.nederlandsesoorten.nl/nsr/concept/000486764377;1
http://www.nederlandsesoorten.nl/nsr/concept/0AHCYSI10481;1
http://www.nederlandsesoorten.nl/nsr/concept/0AHCYFCOCPFX;1
http://www.nederlandsesoorten.nl/nsr/concept/0AHCYFEPOOQQ;1
http://www.nederlandsesoorten.nl/nsr/concept/0C82267C4C2E;1
http://www.nederlandsesoorten.nl/nsr/concept/0AHCYFEPNPCA;1
http://www.nederlandsesoorten.nl/nsr/concept/000455511751;1
http://www.nederlandsesoorten.nl/nsr/concept/0AHCYFBRANRH;1
http://www.nederlandsesoorten.nl/nsr/concept/000464942702;1
http://www.nederlandsesoorten.nl/nsr/concept/000455864093;1
http://www.nederlandsesoorten.nl/nsr/concept/0AHCYFBTLPAE;1
http://www.nederlandsesoorten.nl/nsr/concept/0DFD286342B5;1
http://www.nederlandsesoorten.nl/nsr/concept/000465032248;1
http://www.nederlandsesoorten.nl/nsr/concept/0AHCYSI10522;1
http://www.nederlandsesoorten.nl/nsr/concept/0AHCYFBTSYAI;1
http://www.nederlandsesoorten.nl/nsr/concept/000455864592;1
http://www.nederlandsesoorten.nl/nsr/concept/000455863911;1
http://www.nederlandsesoorten.nl/nsr/concept/000455864476;1
http://www.nederlandsesoorten.nl/nsr/concept/0AHCYSI11775;1
http://www.nederlandsesoorten.nl/nsr/concept/0AHCYFBRAYZO;1
http://www.nederlandsesoorten.nl/nsr/concept/0AHCYSI10453;1
http://www.nederlandsesoorten.nl/nsr/concept/000465032297;1
http://www.nederlandsesoorten.nl/nsr/concept/000465032426;1
http://www.nederlandsesoorten.nl/nsr/concept/000486766000;1
http://www.nederlandsesoorten.nl/nsr/concept/000464941730;1
http://www.nederlandsesoorten.nl/nsr/concept/000455863856;1
http://www.nederlandsesoorten.nl/nsr/concept/000455511715;1
http://www.nederlandsesoorten.nl/nsr/concept/0W2F54JRP6RI;1
http://www.nederlandsesoorten.nl/nsr/concept/0AHCYFEPLTPD;1
http://www.nederlandsesoorten.nl/nsr/concept/0AHCYSI10383;1
http://www.nederlandsesoorten.nl/nsr/concept/000465032318;1
http://www.nederlandsesoorten.nl/nsr/concept/0AHCYFBTWTCX;1
http://www.nederlandsesoorten.nl/nsr/concept/000464941863;1
http://www.nederlandsesoorten.nl/nsr/concept/0AHCYFBZOEQJ;1
http://www.nederlandsesoorten.nl/nsr/concept/000464941982;1
http://www.nederlandsesoorten.nl/nsr/concept/000455863499;1
http://www.nederlandsesoorten.nl/nsr/concept/000455864135;1
http://www.nederlandsesoorten.nl/nsr/concept/0AHDPDLFKDBA;1
http://www.nederlandsesoorten.nl/nsr/concept/0AHCYFEPRROW;1
http://www.nederlandsesoorten.nl/nsr/concept/043ZG9IFJDTK;1
http://www.nederlandsesoorten.nl/nsr/concept/0AHCYFEPRGGQ;1
http://www.nederlandsesoorten.nl/nsr/concept/02A09C2945D1;1
http://www.nederlandsesoorten.nl/nsr/concept/0AHCYSI10411;1
http://www.nederlandsesoorten.nl/nsr/concept/0AHCYFBQGIRA;1
http://www.nederlandsesoorten.nl/nsr/concept/0AHCYFCTKZYA;1
http://www.nederlandsesoorten.nl/nsr/concept/0AHCYSI11137;1
http://www.nederlandsesoorten.nl/nsr/concept/0AHCYFBRNGKV;1
http://www.nederlandsesoorten.nl/nsr/concept/0AHCYFBTHSAE;1
http://www.nederlandsesoorten.nl/nsr/concept/000464943193;1
http://www.nederlandsesoorten.nl/nsr/concept/0AHCYSI10408;1
http://www.nederlandsesoorten.nl/nsr/concept/000464942918;1
http://www.nederlandsesoorten.nl/nsr/concept/0AHCYFBQXXUG;1
http://www.nederlandsesoorten.nl/nsr/concept/0AHCYSI10502;1
http://www.nederlandsesoorten.nl/nsr/concept/000464942467;1
http://www.nederlandsesoorten.nl/nsr/concept/0AHCYSI10419;1
http://www.nederlandsesoorten.nl/nsr/concept/0AHCYFBXEQTE;1
http://www.nederlandsesoorten.nl/nsr/concept/0AHCYSI11378;1
http://www.nederlandsesoorten.nl/nsr/concept/0AHCYFEPDTYH;1
http://www.nederlandsesoorten.nl/nsr/concept/000464943057;1
http://www.nederlandsesoorten.nl/nsr/concept/000465032206;1
http://www.nederlandsesoorten.nl/nsr/concept/000464941856;1
http://www.nederlandsesoorten.nl/nsr/concept/000464944070;1
http://www.nederlandsesoorten.nl/nsr/concept/0AHCYFEPMZVJ;1
http://www.nederlandsesoorten.nl/nsr/concept/000455864170;1
http://www.nederlandsesoorten.nl/nsr/concept/000464943015;1
http://www.nederlandsesoorten.nl/nsr/concept/0AHCYSI10417;1
http://www.nederlandsesoorten.nl/nsr/concept/000455863821;1
http://www.nederlandsesoorten.nl/nsr/concept/0AHCYFBRLCNK;1
http://www.nederlandsesoorten.nl/nsr/concept/000464944112;1
http://www.nederlandsesoorten.nl/nsr/concept/0AHCYFBUVFGG;1
http://www.nederlandsesoorten.nl/nsr/concept/0AHCYSI10343;1
http://www.nederlandsesoorten.nl/nsr/concept/000455864344;1
http://www.nederlandsesoorten.nl/nsr/concept/0AHCYFBVXKOT;1
http://www.nederlandsesoorten.nl/nsr/concept/000455863863;1
http://www.nederlandsesoorten.nl/nsr/concept/0AHCYSI11356;1
http://www.nederlandsesoorten.nl/nsr/concept/000464941550;1
http://www.nederlandsesoorten.nl/nsr/concept/0AHCYFBUUTBT;1
http://www.nederlandsesoorten.nl/nsr/concept/000464943172;1
http://www.nederlandsesoorten.nl/nsr/concept/000455863541;1
NULL;742
