Vetblad (G);1
;0
Amerikaans vergeet-mij-nietje (G);1
Klokje|Spiegelklokje;1
Gewimperd langbaardgras;1
Bosaardbei;1
Engels gras;1
Iva;1
Boswilg x Katwilg;1
Vogelpootklaver;1
Purperorchis;1
Amerikaanse populier;1
Stomphoekig|Gewoon|Gevleugeld sterrenkroos;1
Tweehuizige amarant;1
Oot/Haver;1
Reine Claudepruim;1
Koningsvarenfamilie;1
Basterdwikke;1
Grote waterranonkel;1
Glanzend sneeuwklokje;1
Paardenhoefklaver (G);1
Fioringras subsp. marina;1
Muskuskaasjeskruid;1
Heksenmelk s.s.;1
Gesteeld glaskroos;1
Handjesgras;1
Taxusfamilie;1
Havikskruid subg. Pilosella;1
Stijve zegge;1
Guichelheil (G);1
Heelbeen;1
Kleverig kruiskruid;1
Olijf;1
Sint-Janskruid|Gevleugeld hertshooi;1
Pomerans;1
Vlashuttentut;1
Orchideefamilie;1
Erwt;1
Engbloem (G);1
Alpenandoom;1
Peen;1
Goudenregen;1
Amsinckia;1
Klokjesfamilie;1
Ruige rudbeckia;1
Zure kers|Gewone vogelkers;1
Wede (G);1
Akkerviooltje;1
Absintalsem;1
Esdoorn (G);1
Rankende helmbloem (G);1
Slanke/Witte waterkers;1
Bloedooievaarsbek;1
Knolbeemdgras (var. viviparia);1
Raapzaad;1
Veld-|Kluwen-|Bloedzuring;1
Katoen;2
Karwij|Komijn;1
Pruim, enkele boerenwitte;1
Krabbenscheer (G);1
Japanse zilverspar;1
Beverneltorkruid;1
Aar-|Kransvederkruid;1
Ruige veldbies;1
Spiegelklokje (G);1
Kaardenbol|Duifkruid;1
Bergroos;1
Brede raai|Bleekgele hennepnetel;1
Eenstijlige meidoorn;1
Ribbelbies;1
Huttentut|Herderstasje;1
Echte salie;1
Beklierde duizendknoop subsp. brittingeri;1
Lavendelhei (G);1
Blauw glidkruid;1
Zandblauwtje;1
Gewone vogelkers;1
Smeerwortel (G);1
Schijnaardbei;1
Rond sterrenkroos;1
Kandelaartje;1
Rankende duivenkervel;1
Geel cypergras;1
Herderstasje (G);1
Bosmuur;1
Narcis (G);1
Harig knopkruid;1
Slofhak;1
Hopklaver;1
Sesamzaad;1
Driekantig look;1
Wilde liguster;1
Hondskruid;1
Grote muur;1
Aardbei/Ganzerik;1
Lamsoor;1
Oorsilene;1
Smal longkruid;1
Lange x Ronde zonnedauw;1
Hertshooifamilie;1
Oot|Haver;1
Fijne kervel;1
Witte kornoelje;1
Sumak (G);1
Wederik (G);1
Ruig hertshooi;1
Douglasspar (G);1
Oosterse plataan;1
Hoornmelde;1
Klokjesgentiaan;1
Veldkruidkers;1
Heggenduizendknoop;1
Mannetjesorchis;1
Kleine wolfsklauw;1
Platte rus;1
Paardenbloem (nordstedtii);1
Zulte (fo. discoideus);1
IJzerhardfamilie;1
Judaspenning (G);1
Stippel-|Korrelganzenvoet;1
Stinkende kamille|Gewone margriet;1
Ruige lathyrus;1
Zachte dravik s.s.;1
Veldkers (G);1
Bergbeemdgras;1
Bitterzoet;1
Karwij/Venkel;1
Duindravik;1
Blauwe bosbes;1
Zonnenroosje (G);1
Kiwi-familie;1
Bonte gele dovenetel;1
Glanshaver;1
Rus sect. Effusa;1
Italiaans x Engels raaigras;1
Stijf barbarakruid;1
Raket (G);1
Glad|Moeraswalstro;1
Dikkemanskruid;1
Ridderzuring (subsp. obtusifolius);1
Vogelpootje (G);1
Moeraspaardenbloem;1
Gewone|Bosklit;1
Straalvrucht;1
Bleke klaproos;1
Kleine rupsklaver;1
Zesrijige bedekte gerst;1
Tormentil;1
Radijs|Mosterd (G);1
Bosrank;1
Smal vlieszaad;1
Zandhaver (G);1
Dennenfamilie;1
Smal tandzaad;1
Bosereprijs;1
Fenegriek;1
Geelgroen afrikaantje;1
Cacao;1
Groot glaskruid;1
Kamgras (G);1
Boswederik;1
Eironde leeuwebek;1
Maskerbloem (G);1
Marjolein (G);1
Akkerbedstro;1
Westerse levensboom;1
Tengere distel;1
Breed wollegras;1
Ballote (G);1
Sachalinse duizendknoop;1
Kamperfoeliefamilie;1
Roomse kervel (G);1
Vijg;1
Dille (G);1
Radijs (G);1
Hoge fijnstraal;1
Echte|Wilde marjolein;1
Engelwortel (G);1
Oosterse sterhyacint;1
Moerasdroogbloem;1
Vroege ereprijs;1
Pruim van Damast;1
Koningsvaren (G);1
Trilgras (G);1
Kalkwalstro;1
Akker-/Moerasvergeet-mij-nietje;1
Gewoon langbaardgras;1
Geel walstro;1
Zwaardherik (G);1
Knol-|Kruipende boterbloem;1
Heidezegge;1
Kleefkruid|Driehoornig walstro;1
Trosgierst;1
Harige sorbaria;1
Vroegeling;1
Vergeet-mij-nietje (G);1
Struis-/Beemdgras;1
Kruiptijm;1
Rolklaver|Rupsklaver;1
Bonte luzerne;1
Hoornbladfamilie;1
Ruige anjer;1
Akkerdistel;1
Meloen|Komkommer;1
Gewone duivenkervel (subsp. wirtgenii);1
Paarse morgenster;1
Oeverwarkruid;1
Framboos;1
Moeraswolfsmelk;1
Zeevenkel;1
Schubzegge;1
Duinroos;1
Muizenstaart (G);1
Pijpenstrootje (G);1
Bloedzuring;1
Corsikaanse den;1
Broodtarwe/Spelt;1
Straatgras;1
Verspreidbladig goudveil;1
Krul-|Vederdistel;1
Kale jonker/Speerdistel;1
Eendagsbloem;1
Witte + Zwartblauwe rapunzel;1
Smalle waterpest;1
Bont kroonkruid;1
Knarkruid;1
Moeras-|Akkerkers;1
Hondstarwegras;1
Kleine klaver;1
Knopkruid (G);1
Gewoon sterrenkroos;1
Kalmoes;1
Klaverbladvarenfamilie;1
Franjegentiaan;1
Harde tarwe|Macaroni-tarwe;1
Tandjesgras;1
Heggen-|Knopig doornzaad;1
Veelwortelig kroos (G);1
Zevenster (G);1
Watermeloen;1
Zachte ooievaarsbek;1
Bitterzoet|Zwarte nachtschade;1
Serradelle;1
Sneeuwbes;1
Slangenkruid;1
Wilde lijsterbes;1
Akkerviltkruid;1
Dichte|Gewone bermzegge;1
Gewone zandmuur;1
Leeuwentand (G);1
Dophei (G);1
Beklierde basterdwederik;1
Gewone|Slanke waterbies;1
Grote bevernel;1
Knopbies;1
Speerdistel;1
Veldkruidkers|Tuinkers;1
Sleedoorn;1
Beemdlangbloem;1
Alsem|Kamille;1
Plat fonteinkruid;1
Moesdistel;1
Wit bosvogeltje;1
Groot warkruid;1
Alpenrus;1
Gevlekte|Ruige rupsklaver;1
Wrangwortel;1
Tuinjudaspenning;1
Duitse gentiaan;1
Schijnraket (G);1
Naaldenkervel (G);1
Slangenwortel (G);1
Zandzegge;1
Dwerghaver (G);1
Helmkruidfamilie;1
Viltig|Jacobskruiskruid;1
Balsemienfamilie;1
Wonderboom (G);1
Krabbenscheer;1
Wolfskers (G);1
Blauwe monnikskap;1
Gewone en Rechte rolklaver;1
Buishyacint;1
Caucalis (G);1
Fijnspar;1
Laser (G);1
Lathyrus|Rolklaver|Wikke;1
Grasmuur;1
Hennepnetel (G);1
Hondsroos|Egelantier;1
Groot spiegelklokje;1
Europese blazenstruik;1
Glad/Gewoon biggekruid;1
Aangebrande orchis;1
Kleinbloemig kaasjeskruid;1
Middelste teunisbloem;1
Geoorde zuring;1
Jonquille;1
Haarlems klokkenspel;1
Karwij;1
Rupsklaver|Klaver (G);1
Recht chinees klokje;1
Bermzuring;1
Dichtbloemige kruidkers;1
Vingerhelmbloem;1
Perzikkruid/Kleine duizendknoop;1
Zwanenbloem (G);1
Tuinsalomonszegel;1
Ridderzuring;1
Grote tijm;1
Hazelaarbraam;1
Winterpostelein (G);1
Kleverige ogentroost;1
Italiaans|Engels raaigras;1
Adonis (G);1
Naakte lathyrus;1
Tonneboer pruim;1
Kleine keverorchis;1
Haarfonteinkruid;1
Torenkruid;1
Veenmelkviooltje;1
Klein fakkelgras;1
Boomglanswier;1
Dalkruid;1
Hulstfamilie;1
Kleinbloemige salie;1
Knolsteenbreek;1
Schubvarenfamilie;1
Duizendblad (G);1
Wilde kool;1
Hard zwenkgras;1
Moerashyacintfamilie;1
Gestreepte klaver;1
Kattenkruid (G);1
Beklierde duizendknoop|Perzikkruid;1
Gerst (G);1
Klein bronkruid;1
Moeraszoutgras;1
Veenpluis;1
Strandkruidfamilie;1
Mirabel;1
Rozenkransje (G);1
Dwergbloem|Waterpunge;1
Japanse bamboe;1
Heggendoornzaad;1
Boslathyrus;1
Vroeg barbarakruid;1
Noorse ganzerik;1
Platte bies;1
Reuzenlevensboom;1
Ganzenpruim;1
Ganzenvoetfamilie;1
Liggende leeuwenbek;1
Klein spiegelklokje;1
Varkensgras (G);1
Kleine mantelanjer;1
Ruwe smeerwortel;1
Vertakte leeuwentand;1
Wondklaver (G);1
Gras-|Moerasmuur;1
Drijvend x Ongelijkbladig fonteinkruid;1
Zwarte bes;1
Fransje;1
Bosooievaarsbek;1
Draadfonteinkruid;1
Heidebrem (G);1
Gewone/Veelbloemige veldbies;1
Hoefblad|Kruiskruid;1
Hyacint (G);1
Aardappel;1
Klimopklokje;1
Anjer (G);1
Liggende|Kleine klaver;1
Rudbeckia (G);1
Moeslook;1
Hoornklaver (G);1
Muurleeuwebek (G);1
Wijfjesvarenfamilie;1
Krabappel;1
Gierst (G);1
Rietorchis;1
Wilde dwergmispel;1
Zachte jasmijn;1
Rogge/Tarwe (G);1
Grondster;1
Bevernel (G);1
Geplooide vrouwenmantel;1
Kraaihei (G);1
Adelaarsvaren (G);1
Distelbremraap;1
Varensuperfamilie;1
Polzegge;1
Gewone pastinaak;1
Trosvlier;1
Meekrap (G);1
Klokje/Spiegelklokje;1
Trompetboom;1
Moerasvergeet-mij-nietje;1
Venkel|Beverneltorkruid;1
Grote sneeuwroem;1
Postelein;1
Eendenkroos (G);1
Bastaardhemelsleutel;1
Wilde narcis s.l.;1
Koekruid (G);1
Kranssalomonszegel;1
Beemdhaver (G);1
Vogelnestje (G);1
Spinaziezuring;1
Reuzenbalsemien;1
Hondsviooltje;1
Moerascipres;1
Gewone agrimonie;1
Groenknolorchis;1
Veenreukgras;1
Rimpelige cotoneaster;1
Amerikaanse hazezegge;1
Berberisfamilie;1
Zwarte|Ratelpopulier;1
Gemberfamilie;1
Gevlekte rupsklaver;1
Es (G);1
Sering;1
Grauwe en Rossige wilg;1
Tweehuizige zegge;1
Muurhavikskruid;1
Schijnspurrie (G);1
Langbladige druifhyacint|Blauwe druifjes;1
Hondspeterselie;1
Blauwe leeuwenbek;1
Knarkruid (G);1
Zeeraket;1
Zilverschildzaad;1
Wilgenfamilie;1
Doorwas;1
Rupsklaver/Honingklaver (G);1
Smalle wikke subsp. obovata;1
Gewone spurrie var. arvensis;1
Valeriaan (G);1
Engels gras|Lamsoor;1
Canadapopulier;1
Lenteklokje;1
Kranskarwij;1
Rivierstruisriet;1
Slijkzegge;1
Veelkleurig|Stijf vergeet-me-nietje;1
Liggend bergvlas;1
Kool|Wikke (G);1
Broodtarwe/Emmer;1
Zilt torkruid;1
Waterscheerling (G);1
Witte veldbies;1
Waterranonkel;5
Grote watereppe;1
Geitenbaard;1
Doornappel (G);1
Hertsmunt;1
Kalkhoornbloem;1
Spaanse zuring;1
Breukkruid (G);1
Zandhoornbloem;1
Blauw walstro (G);1
Dichte bermzegge;1
Zacht vetkruid;1
Scheefkelk (G);1
Kleine/Zachte duizendknoop;1
Koolzaad/Witte mosterd;1
Goudhaver (G);1
Vertakte maanvaren;1
Heermoes;1
Steenbreekvaren subsp. trichomanes;1
Glaskroos (G);1
Aubrietia;1
Vliegenorchis;1
Zeegerst|Kruipertje;1
Wintergroen (G);1
Hartbladige els;1
Erwt|tuinboon;1
Daslook;1
Gewone spurrie;1
Eenjarige hardbloem;2
Stijf hardgras;1
Kroosvaren (G);1
Zandvarkensgras;1
Oeverkruid (G);1
Dubbellooffamilie;1
Lijsterbes (G);1
Akker-|Driehoornig walstro;1
Gevleugeld helmkruid;1
Bruinrode wespenorchis;1
Nieuwnederlandse aster;1
Gewone/Smalle rolklaver;1
Egeria (G);1
Schubwortel (G);1
Gele zegge;1
Muurbloemmosterd;1
Citrusvrucht;1
Amerikaanse kruidkers;1
Gewone vleugeltjesbloem var. vulgaris;1
Rossige wilg;1
Weidehavikskruid;1
Haver;1
Griekse alant;1
Zoutgras (G);1
Kleine biesvaren;1
Gewone|Veelbloemige veldbies;1
Paarse toorts;1
Bochtige klaver;1
Kruismuur (G);1
Groene|Gewone bermzegge;1
Zonnebloem (G);1
Valse voszegge;1
Walstroleeuwenbek;1
Erwt (G);1
Andijvie;1
Scheve hoornbloem;1
Harig zenegroen;1
Smele (G);1
Granaatappel;1
Knikbloem;1
Reuzenklaproos;1
Geelgroene wespenorchis;1
Gladde ereprijs;1
Brede raai;1
Wilgenroosje;1
Kleine knotszegge;1
Duizendknoopfamilie;1
Knoflook;1
Helm;1
Mahonie (G);1
Aarddistel;1
Wede;1
Anna Paulownaboom;1
Vierrijige ogentroost;1
Kleine egelskop;1
Poppenorchis;1
Rozenfamilie;1
Groot akkerscherm;1
Paardenhaar-|Sterzegge;1
Veelstengelige waterbies;1
Slanke waterkers;1
Forez-streepvaren;1
Geelhartje;1
Glad biggenkruid;1
Rood guichelheil;1
Zandkweek;1
Witte waterlelie;1
Gesteeld/Drietallig glaskroos;1
Steenbreekfamilie;1
Hoornpapaver (G);1
Kleine|Grote lisdodde;1
Valse wingerd;1
Tengere zandmuur;1
Rode paardenkastanje;1
Tijmereprijs;1
Akker-|Zachte dravik;1
Clusius' rotsroos;1
Bossalie;1
Veldgerst;1
Sikkelklaver;1
Oostelijk x Klein kruiskruid;1
Klein vlooienkruid;1
Veenmosorchis (G);1
Blazenstruik (G);1
Veelbloemige roos;1
Holzaad (G);1
Straalscherm (G);1
Vlas (G);1
Hondstand;1
Zandviooltje;1
Venushaar (G);1
Klein kruiskruid;1
Knolvossenstaart;1
Bochtig look;1
Witte|Paarse dovenetel;1
Draadzegge;1
Rietzwenkgras|Beemdlangbloem;1
Hazelaar;1
Zeepostelein (G);1
Melkeppe;1
Gewone berenklauw;1
Stippelvaren (G);1
Kalkraket;1
Rode kornoelje;1
Tripmadam;1
Akkerleeuwenbek (G);1
Slangenwortel;1
Klaverzuringfamilie;1
Moesdistel/Speerdistel;1
Donderblad;1
Bochtige|Rode klaver;1
Damastbloem;1
Huttentut subsp. microcarpa;1
Knolribzaad;1
Sla (G);1
Bastaard blazenstruik;1
Bleke hemelsleutel;1
Veldlathyrus;1
Beuk;1
Hongaarse raket;1
Herfstbitterling;1
Westelijke hemlockspar;1
Rolklaver|Klaver;1
Geoorde wilg x Grauwe wilg;1
Spiesmelde;1
Scherpkruid;1
Gele wikke;1
Nachtschade (G);1
Peperboompjesfamilie;1
Drijvende egelskop;1
Knollathyrus;1
Ribes (G);1
Driebladvetkruid;1
Kleine ooievaarsbek;1
Moerasbloem (G);1
Tweestijlige meidoorn;1
Kluwenhoornbloem;1
Gele dovenetel subsp. galeobdolon;1
Kaal stofzaad;1
Rusfamilie;1
Melkkruid;1
Duitse dot;1
Knikkend nagelkruid;1
Moerassmele;1
Onderaardse klaver;1
Okkernoot;1
Zegekruid;1
Moeras-|Snavelzegge;1
Veldereprijs;1
Winde (G);1
Roze winterpostelein;1
Moeraswolfsklauw;1
Nigelle (G);1
Kruipklokje;1
Draadzwenkgras;1
Sneeuwbalspirea (G);1
Bosbingelkruid;1
Kleine leeuwebek (G);1
Slank wollegras;1
Breed vlieszaad;1
Rood zwenkgras (subsp. commutata);1
Radijs;1
Granaatappel (G);1
Kleine duizendknoop;1
Brede wolfsmelk;1
Bokkenorchis (G);1
Grijsbehaarde rotsroos;1
Zeevenkel (G);1
Doorwaskervel;1
Reukgras (G);1
Kranswier (G);1
Tweekleurig springzaad;1
Dauwnetel|Gewone hennepnetel;1
Moerasrozemarijn (G);1
Kattenstaartfamilie;1
Boksdoorn (G);1
Rolklaver (G);1
Karwijselie;1
Gewone|Trosvlier;1
Komkommer;1
Bermooievaarsbek;1
Spiesmelde (var. prostrata);1
Kruidnagel;1
Smalle/Slanke waterweegbree;1
Wilde wingerd (G);1
Kleine kattenstaart;1
Zandstruisgras;1
Aardbei|Ganzerik;1
Stijve waterranonkel;1
Adderwortel;1
Ridderspoor (G);1
Calandsklokje;1
Rijstgras;1
Gladde aster;1
Eenbloemig parelgras;1
Kamvaren x Smalle stekelv;1
Franse roos;1
Aardpeer;1
Bruine snavelbies;1
Vetkruid (G);1
Rechte ganzerik;1
Christoffelkruid;1
Raaigras (G);1
Mottenkruid;1
Speenkruid;1
Klein kaasjeskruid;1
Kleine tijm;1
Krukboom;1
Wilgfonteinkruid;1
Knikkend|Eenbloemig parelgras;1
Emmer|Spelt;1
Ruige|Boszegge;1
Gifsla;1
Straalvrucht (G);1
Bosogentroost;1
Gerande schijnspurrie;1
Pruim, dubbele boerenwitte;1
Schermscheefbloem;1
Slipbladige ooievaarsbek;1
Gaultheria (G);1
Ossentong (G);1
Hoornbloem|Muur;1
Margriet (G);1
Biezenknoppen|Zeegroene rus;1
Wilde reseda;1
Pijlkruid;1
Elzen-|Vlozegge;1
Sikkelklaver|Luzerne;1
Ruige|Oeverzegge;1
Vogelwikke;1
Resedafamilie;1
Varkenskervel (G);1
Gerst/Rogge (G);1
Engels raaigras|vlasdolik;1
Draadereprijs;1
Gewone/Slanke waterbies;1
Broodtarwe/Harde tarwe;1
Moeras-|Ruw beemdgras;1
Akker-|Knopig doornzaad;1
Blaasvaren (G);1
Esdoornfamilie;1
Mariadistel;1
Donzige klaproos;1
Harige ratelaar;1
Kwispelgerst;1
Glaskroosfamilie;1
Strand-|Uitstaande melde;1
Vingergras (G);1
Baardgras;1
Muur (G);1
Liefdegras (G);1
Kustmelde;1
Brede waterpest;1
Dik vetkruid;1
Prachtanjer;1
Moeraslathyrus|Vogelwikke;1
Addertongfamilie;1
Zand-|Tweerijige|Elzenzegge;1
Bastaardhavikskruid;1
Echte koekoeksbloem;1
Boterbloem subg. Boterbloem;1
Waterleliefamilie;1
Kust-|Strandmelde;1
Paardenstaart (G);1
Gerst|Rogge (G);1
Laksteeltje;1
Knopherik/Radijs;1
Tweekantige zegge;1
Grove varkenskers;1
Bezemkruiskruid;1
Boon;1
Zomerklokje;1
Zilverhaver;1
Bleekgele droogbloem;1
Krans-|Groene naaldaar;1
Akelei (G);1
Krul-/Vederdistel;1
Zuurbes;1
Goudknopje;1
Linde (G);1
Egelboterbloem;1
Smal venushaar;1
Amarantfamilie (ex Ganzenvoetfamilie);1
Droogbloeier;1
Knikkend tandzaad;1
Tweerijige bedekte gerst;1
Veldsla (G);1
Glanzig fonteinkruid;1
Witte muggenorchis;1
Zwartblauwe rapunzel;1
Vuurdoorn;1
Ruw vergeet-mij-nietje;1
Grote|Kruipende boterbloem;1
Driehoornig walstro;1
Europese hanenpoot|Pluimgierst|Naaldaar;1
Hennep|Hop;1
Witte klaver;1
Peper;1
Orchis (G);1
Leeuwenklauw (G);1
Overblijvende ossentong (G);1
Beemdooievaarsbek;1
Sojaboon;1
Blauwgras (G);1
Gele plomp;1
Eik (G);1
Scherpe zeggesectie;1
Klein fonteinkruid;1
Wegedoorn;1
Middelste waterkers;1
Knolcyperus;1
Gele monnikskap;1
Lelie (G);1
Keker;1
Moeras-/Oeverzegge;1
Boskortsteel;1
Fijne ooievaarsbek;1
Bittere wilg x Katwilg;1
Engels gras/Lamsoor;1
Kattendoorn en Kruipend stalkruid;1
Zomerlinde;1
Zandkool (G);1
Kardinaalsmutsfamilie;1
Kleine leeuwenklauw;1
Karthuizer anjer;1
Zeeden;1
Tamme kastanje;1
Brede eikvaren;1
Akkerdoornzaad;1
Wilde sorgo;1
Kokosnoot (G);1
Echte gamander|Valse salie;1
Kalkzwenkgras;1
Kleine|Zachte duizendknoop;1
Sint-Janskruid;1
Clethra;1
Herfstschroeforchis;1
Kleine honingklaver;1
Duizendknoop;2
Gewone raket;1
Polei (G);1
Watermeloen (G);1
Piramidevogelmelk;1
Heen;1
Korensla;1
Witte spirea;1
Zwarte balsempopulier;1
Heidekartelblad;1
Gestreepte leeuwenbek;1
Driedelige waterranonkel;1
Spiraal-|Snavelruppia;1
Kruipende moerasweegbree;1
Witte munt;1
Bokkenorchis;1
Zeekool;1
Moerasmelkdistel;1
Venkel (G);1
Cosmos;1
Bolletjeskers;1
Waterbies|Bies;1
Wilgbladige cotoneaster;1
Rode schijnspurrie;1
Strandsla;1
Rond wintergroen;1
Kleine hardbloem;2
Kleine leeuwebek;1
Varkenskerveltorkruid;1
Naakte gerst;1
Strobloem (G);1
Gevinde kortsteel;1
Kaardenbolfamilie;1
Tuinbingelkruid;1
Amerikaans krentenboompje;1
Struikaster;1
Sierlijke dravik;1
Nancy-mirabel;1
Graan/Riet;1
Oot|Wilde haver;1
Beukenfamilie;1
Gomrotsroos;1
Duinviooltje;1
Paarden-|Goudzuring;1
Magnolia (G);1
Moerasviooltje;1
Witte abeel;1
Grote kaardenbol|Weverskaarde;1
Klimop;1
Kool/Mosterd (G);1
Mariadistel (G);1
Kleinste lisdodde;1
Bostulp;1
Kaukasische zilverspar;1
Winter-|Zomerlinde;1
Bonte paardenstaart;1
Honds-|Donkersporig bosviooltje;1
Witte mosterd;1
Pijpbloem (G);1
Mirtefamilie;1
Egelskop|Poelruit (G);1
Hoenderbeet;1
Kaukasische spar;1
Weidekervel;1
Behaarde boterbloem;1
Kale vrouwenmantel;1
Sorbaria;1
Witte waterranonkel;1
Berghertshooi;1
Veldgentiaan;1
Hokjespeul;1
Appel-subfamilie;1
Waterdriebladfamilie;1
Vingerhoedskruid;1
Naaldwaterbies;1
Echte gamander;1
Cypergras (G);1
Moeraseik;1
Muurvaren;1
Kalkbedstro;1
Puntkroos;1
Gesteelde hemelsleutel;1
Schorseneer (G);1
Knotszegge;1
Blaasjeskruid (G);1
Dauwbraam;1
Bilzenkruid;1
Hennepfamilie;1
Koriander;1
Cipreswolfsmelk;1
Cypergras-|Grasfamilie;1
Reigersbek;1
Kleverige reigersbek;1
Kruipend stalkruid;1
Dwerggras (G);1
Ratelaar (G);1
Blauw kweldergras;1
Veld-|Geoorde zuring;1
Cypresfamilie;1
Zwarte nachtschade s.s.;1
Rode kornoelje/Gelderse roos;1
Kiwi;1
Wormkruid (G);1
Veldhondstong;1
Welriekende ganzenvoet;1
Melganzenvoet;1
Zomerfijnstraal;1
Draadgentiaan;1
Struikspirea (G);1
Kalkentrip;1
Stalkaars;1
Rode klaver;1
Zandblauwtje|Spiegelklokje;1
Pronkboon;1
Kool|Koolzaad;1
Edelmunt;1
Vrouwenmantel|Akkerleeuwenklauw;1
Hondspeterselie (G);1
Echte kruisdistel;1
Uitstaande/Spiesmelde;1
Vingerhoedskruid (G);1
Zuid-Afrikaanse gierst;1
Muurzeepkruid;1
Bonte wikke subsp. varia;1
Zevenblad;1
Meekrap;1
Drijvende waterweegbree (G);1
Groot springzaad;1
Sneeuwroem (G);1
Gele daglelie;1
(Valse) voszegge;2
Vlozegge;1
Sneeuwhei;1
Klein tasjeskruid;1
Smalle olijfwilg;1
Barbarakruid (G);1
Steenbreekvaren subsp. quadrivalens;1
Karwij/Komijn;1
Donkere vetmuur;1
Dunstaart (G);1
Bosboterbloem;1
Echte lampionplant;1
Uitstaande melde (var. bracteata);1
Zomer-|Akker-|Bosandoorn;1
Kleine steentijm;1
Bergden;1
Ronde zonnedauw;1
Smal streepzaad;1
Wilde gagel;1
Hosta (G);1
Beemdlangbloem x Italiaans raaigras;1
Rolklaver|rupsklaver|klaver;1
Bergbonenkruid;1
Zompvergeet-mij-nietje;1
Spar (G);1
Perzikkruid|Kleine duizendknoop;1
Slanke zegge;1
Paardenhaar-|Pluimzegge;1
Glanshaver (G);1
Muurganzenvoet;1
Smalle waterweegbree;1
Vrouwenmantel (G);1
Tengere rus;1
Grote biesvaren;1
Kogelbies;1
Maagdenpalm (G);1
Akkerkers;1
Gele dovenetel (G);1
Harig wilgenroosje;1
Pijlkruidkers;1
Windefamilie;1
Drietallig glaskroos;1
Stijve windhalm;1
Witte mosterd|Herik;1
Fladderiep;1
Kantig hertshooi;1
Kruisbladwalstro (G);1
Robinia (G);1
Moerasweegbree (G);1
Viltig kruiskruid;1
Krul-|Moeraszuring;1
Knopbies (G);1
Rechte alsem;1
Bleke schubwortel;1
Kweepeer|Appel|Peer;1
Tabak;1
Grote ratelaar;1
Kantige basterdwederik subsp. tetragonum;1
Hollandse bottelroos;1
Bronkruid;2
Herderstasje;1
Kokosnoot;1
Krulzuring;1
Grote leeuwenbek;1
Fijn venushaar;1
Gevlamde fijnstraal;1
Klit (G);1
Noordelijk schedefonteinkruid;1
Hazenpootje;1
Gelobde melde;1
Strandkweek;1
Korensla (G);1
Kartelblad (G);1
Wollegras (G);1
Moeras-/Zandstruisgras;1
Ongelijkbladig fonteinkruid;1
Kransvederkruid;1
Graskers;1
Hazen-|IJle zegge;1
Dopheifamilie;1
Akkerzenegroen;1
Zomerbitterling;1
Smalle aster;1
Knol-|Geknikte vossenstaart;1
Vreemde ereprijs;1
Wolfsmelk (G);1
Smal fakkelgras;1
Gewone zandmuur s.s.;1
Galega;1
Slipbladkaardenbol;1
Duizendknoopfonteinkruid;1
Vleugeltjesbloem (G);1
Trosdravik subsp. commutatus;1
Zwenkgras x Langbaardgras (G);1
Getande weegbree;1
Boshavikskruid;1
Bastaardpaardenstaart;1
Kale jonker;1
Grasklokje;1
Ui;1
Gevleugeld sterrenkroos;1
Hardvrucht (G);1
Klein hoefblad;1
Groot hoefblad;1
Scabiosa (G);1
Geoord|Gevleugeld helmkruid;1
Aardbei-|Witte klaver;1
Akeker-|Driekleurig viooltje;1
Erwt/Tuinboon;1
Ruige zeggesectie;1
Paardenstaartfamilie;1
Echte kervel;1
Maanzaad;1
Kaal knopkruid;1
Zachte dravik s.l.;1
Wilde postelein;1
Genaalde streepvaren;1
Hieracium laurinum;1
Wilgzuring;1
Smal|Veerdelig tandzaad;1
Beklierde nachtschade;1
Damastbloem (G);1
Spindotterbloem;1
Stijve|Zachte naaldvaren;1
Cosmos (G);1
Akker-|Trosdravik;1
Kroosjespruim St. Julien;1
Breed fakkelgras;1
Dwergbies;1
Daglelie (G);1
Brunel (G);1
Boomkranswier;1
Heelkruid;1
Strandbiet;1
Italiaans raaigras;1
Rode bremraap;1
Dwerggras;1
Onbekend zaad;1
Schubkamille (G);1
Karmozijnbesfamilie;1
Wespenorchis (G);1
Kleine zandkool;1
Hoenderbeet|Paarde dovenetel;1
Gekweekte/Wilde appel;1
Zandambrosia;1
Tartaarse kamperfoelie;1
Viltige hoornbloem;1
Struisgras (G);1
Ogentroost (G);1
Drienerfmuur;1
Sneeuwbes (G);1
Witte deutzia;1
Klein nimfkruid;1
Zee-|Knopige|Priemvetmuur;1
Clethra (G);1
Doornappel;1
Ruwe bies;1
Doornzaad (G);1
Engels slijkgras;1
Slaapmutsje;1
Groot nimfkruid;1
Zeegroene ganzenvoet;1
Moeraszegge;1
Donkere ooievaarsbek;1
Weidebergvlas;1
Hartbladzonnebloem;1
Aarereprijs;1
Watermuur;1
Gevlekt hertshooi|Sint-Janskruid;1
Mattenbies;1
Esparcette;1
Gedeelde meelbes;1
Zeepkruid;1
Eikvarenfamilie;1
Paardenbloem (hamatum(;1
Groot streepzaad;1
Asperge;2
Huttentut (G);1
Zandteunisbloem;1
Gele hoornpapaver;1
Mannetjes-|Schildereprijs;1
Gerst (wild);1
Liggende asperge;1
Haver|Gerst;1
Smalle wikke s.s.;1
Blauwgras;1
Rijstgras|Rietgras;1
Gelderse roos;1
Eenbloemig wintergroen;1
Vingergras|Naaldaar (G);1
Winterlinde;1
Bitter barbarakruid;1
Dagkoekoeksbloem x Avondkoekoeksbloem;1
Fijn goudscherm;1
Bolletjesraket (G);1
Ruwe/Zachte berk;1
Herfsttijloos;1
Weverskaarde;1
Bittere veldkers;1
Paardenkastanjefamilie;1
Rus (G);1
Bezemdophei;1
Veenmos;1
Gekroesde melkdistel;1
Gentiaanfamilie;1
Grof hoornblad;1
Platte|Zilte rus;1
Moseik;1
Schubvaren;1
Kolokwint;1
Duivenkervel (G);1
Peer (G);1
Doffe ereprijs;1
Pijpbloem;1
Muurbloem;1
Schijnraket;1
Grote brandnetel;1
Vroege krokus;1
Rotsschildzaad;1
Slangenkruid (G);1
Populier (G);1
Kaardenbol (G);1
Piramidezenegroen;1
Dille|Varkenskervel (G);1
Knopig helmkruid;1
Akkerdistel/Kale jonker;1
Zoete|Zure kers;1
Levensboom (G);1
Heidespurrie;1
Tongvaren;1
Liguster (G);1
Zeekraal (G);1
Rivierkruiskruid;1
Galigaan;1
Zaagblad (G);1
Teer vederkruid;1
Pachysandra (G);1
Goudenregen x Alpengoudenregen;1
Grote bosaardbei;1
Wollige sneeuwbal;1
Troslelietje;1
Grote teunisbloem;1
Kromhals|Gewone ossentong;1
Kruidvlier;1
Ruwe paardenstaart;1
Valeriaanfamilie;1
Moerasrozemarijn;1
Dwergkroos;1
Hangende zegge;1
Pinksterbloem subsp. dentata;1
Kranssalie;1
Kroosjes Gro-12;1
Bosgerst;1
Ruige leeuwentand;1
Liggende ereprijs;1
Helmkruid/Toorts (G);1
Voederwikke;1
Dragon;1
Smalle weegbree;1
Walstrofamilie;1
Muurbloemmosterd (G);1
Moerasandijvie;1
Rode kornoelje|Gelderse roos;1
Peervormige lijsterbes;1
Duinzwenkgras;1
Puntig fonteinkruid;1
Kleine wolfsmelk;1
Akkerknarkruid;1
Witte krodde;1
Kransgras;1
Zachte dravik|Dreps;1
Stijve|Zwarte zegge;1
Zand-|Smalle weegbree;1
Kattenstaart (G);1
Kaukasisch vergeet-mij-nietje ;1
Kleurige wolfsmelk;1
Gehoornde|Knobbelklaverzuring;1
Teunisbloemfamilie;1
Europese hanenpoot (G);1
Ingesneden dovenetel;1
Hyssop (G);1
Draadgierst;1
Knolglanshaver;1
Waterpunge;1
Ruig klokje;1
Moerasrolklaver;1
Katoen (G);1
Kruid-|Gewone vlier;1
Plat handjesgras;1
Californische cipres;1
Hennegras;1
Bonte kroospruim;1
Witte klaverzuring;1
Pepermunt;1
Kantige basterdwederik subsp. lamyi;1
Wantsenorchis;1
Zilte zegge;1
Smalle|Slanke waterweegbree;1
Padderus;1
Stijve klaverzuring;1
Genaald schapengras;1
Engelse alant;1
Stinkend streepzaad;1
Uitstaande|Spiesmelde;1
Kleverige nachtschade;1
Akkerwalstro;1
Scheefbloem (G);1
Tuinkers;1
Zandwolfsmelk;1
Knoopkruid;1
Kleine valeriaan;1
Krul-|Ridderzuring;1
Honds-|Moeras-|Zandviooltje;1
Paardenhoefklaver;1
Hondstand (G);1
Slanke sleutelbloem;1
Ronde zegge;1
Paardenbloem (taeniatum);1
Fakkelgras (G);1
Sareptamosterd;1
Franjekelk;1
Karwij|Venkel;1
Sneeuwklokje (G);1
Aarvederkruid;1
Late stekelnoot;2
Mannagras;1
Hoornblad (G);1
Vallisneria;1
Gevlekte scheerling;1
Kropaar;1
Slanke ogentroost;1
Scorpiurus;1
Rabarber;1
Bosdravik;1
Valse ridderspoor;1
Helmbloem (G);1
Vlasdolik;1
Schermhavikskruid;1
Meerrijige gerst;1
Strandduizendguldenkruid;1
Heelkruid (G);1
Ruig viooltje;1
Kweek|Zwenkgras|Beemdgras;1
Stekelnoot (G);1
Stekelkamgras;1
Akker-|Moeras-|Bosandoorn;1
Bremraapfamilie;1
Snavel-|Blaaszegge;1
Weidevergeet-mij-nietje;1
Klimopwaterranonkel;1
Vaste lupine;1
Scherpe|Stijve|Zwarte/Drienervige zegge;1
Ganzenvoet (G);1
Gestreepte winde;1
Mais (G);1
Rivierhelmkruid;1
Bronkruid (G);1
Sikkelkruid;1
Geelwit walstro;1
Europese x Japanse lork;1
Stoppelleeuwebek (G);1
Heggenrank;1
Wondklaver;1
Sporkehout;1
Wintergroenfamilie;1
Dessertbladen;1
Ringel-|Voeder-|Vierzadige wikke;1
Beklierde duizendknoop/Perzikkruid;1
Madeliefje (G);1
Reuzenpaardenstaart;1
Paardenbloem (G);1
Blauwe zegge;1
Laser|Straalscherm;1
Selderij;1
Borstelgras;1
Ondergedoken moerasscherm;1
Meloen/Komkommer;1
Stinkende ballote;1
Windhalm (G);1
Prachtframboos;1
Blaasjeskruidfamilie;1
Ribbelzegge;1
Hollandse linde;1
Iva (G);1
Gele kamille;1
Beemdgras (G);1
Valkruid (G);1
Hoge cyperzegge;1
Gaspeldoorn (G);1
Bosmuur subsp. montana;1
Klein sterrenkroos;1
Bleke basterdwederik;1
Grassenfamilie;1
Ambrosia (G);1
Grote pimpernel;1
Kleine kaardenbol;1
Italiaanse aronskelk;1
Stekende bies;1
Bosviooltje;2
Bergseselie;1
Peterselie;1
Aardkastanje (G);1
Stervruchtige waterweegbree;1
Witte steenraket (G);1
Wollige distel;1
Fijn akkerscherm;1
Smalle doorwas;1
Brede ereprijs s.s.;1
Akker-|Ruig klokje;1
Rossig fonteinkruid;1
Franse amarant;1
Late stekelnoot var. riparium;1
Kappertjes;1
Kroosvarenfamilie;1
Winter-|Zomereik;1
Grijze mosterd;1
Stomp kweldergras s.s.;1
Spits havikskruid;1
Saffloer;1
Paardenkastanje (G);1
Zanddoddegras;1
Canadese kornoelje;1
Heermoes/Lidrus;1
Oranjegele paardenbloem;1
Vuilboom (G);1
Struisvaren (G);1
Waterviolier;1
Wijdbloeiende rus;1
Aardbeispinazie;1
Hoge dravik;1
Kleine schorseneer;1
Pontische rododendron;1
Omgebogen vetkruid;1
Donkersporig x Bleeksporig bosviooltje;1
Donkergroene basterdwederik;1
Vedergras;1
Droogbloem (G);1
Zachte berk;1
Kogelduizendknoop;1
Servische spar;1
Gespleten hennepnetel|Dauwnetel|Gewone hennepnetel;1
Kamvaren;1
Weymouthden;1
Verfbrem;1
Kiwi (G);1
Amerikaanse eik;1
Wijnruit (G);1
Bolletjesraket;1
Scherpkruid (G);1
Peper (G);1
Bingelkruid (G);1
Appelbes (G);1
Amandelwilg x Katwilg;1
Kweldergras (G);1
Vijfvingerkruid;1
Bies (G);1
Engels gras (G);1
Hollandse iep;1
Grootvruchtige meidoorn;1
Wijnruitfamilie;1
Zachte duizendknoop;1
Look-zonder-look (G);1
Roos (G);1
"Kroosjespruim ""Dordogne""";1
Gewone melkdistel;1
Kroos|Veelwortelig kroos;1
Ooievaarsbekfamilie;1
Akker-klimopereprijs;1
Hertshoornweegbree;1
Kruipbrem;1
Witte/Goudgele honingklaver;1
Klaproos (G);1
Gewone vogelmelk;1
Gulden boterbloem;1
Inkarnaatklaver;1
Zeewinde;1
Zwarte bes/Aalbes/Kruisbes;1
Brede wespenorchis;2
Hyssop/Ruit;1
Zwarte zegge;1
Hazelaar (G);1
Veld-/Ruw beemdgras;1
Tweerijige|Meerrijige gerst;1
Geoorde wilg;1
Tengere vetmuur;2
Wilde hyacint;1
Pluimgipskruid;1
Bilzenkruid (G);1
Fluitenkruid;1
Gewoon struisgras;1
Bolderik (G);1
IJslandse dennenwolfsklauw;1
Plat beemdgras|Schaduwgras|Moerasbeemdgras;1
Krentenboompje (G);1
Zoutgrasfamilie;1
Andoorn (G);1
Amerikaanse vogelkers;1
Paarbladig fonteinkruid;1
Kustzegge;1
Prei;1
Appel|Pruim;1
Wegedoornfamilie;1
Zomercentaurie;1
Waterpeper/Zachte duizendknoop;1
Wilde marjolein;1
Gaultheria;1
Tuinzuring;1
Echt lepelblad;1
Zompzegge;1
Kafferkoren;1
Dwergmispel (G);1
Sla;1
Parnassia (G);1
Beuk (G);1
Kogeldistel (G);1
Waterbies (G);1
Grote leeuwenklauw;1
Lintvaren;1
Struikhei|Dophei;1
Klimopfamilie;1
Vogelnestje;1
Gladde witbol;1
Olijf (G);1
Guldenroede (G);1
Gewone es;1
Zwitsers mos (G);1
Stofzaad (G);1
Gierstgras (G);1
Moerasvergeet-mij-nietje ;1
Beklierde ogentroost;1
Zandmuur (G);1
Draadrus;1
Grote boterbloem;1
Heksenmelk s.l.;1
Vijgeboom (G);1
Kantig + Gevlekt hertshooi;1
Buxusfamilie;1
Haag-|Zeewinde;1
Ardense dravik;1
Brandpastinaak;1
Donzige moerasbloem;1
Wolfspoot (G);1
Tengere|Liggende vetmuur;1
Kweek (G);1
Pilvaren;1
Biet s.l.;1
Stomp kweldergras s.l.;1
Welriekende agrimonie;1
Moerasstruisgras;1
Proserpinaca;1
Knikkend|Veerdelig tandzaad;1
Wilde haver;1
Bieslelie (G);1
Veenbies subsp. germanicus;1
Vingergras|Hanenpoot|Naaldaar (G);1
Heggenrank (G);1
Koraalwortel (G);1
IJzervaren;1
Rozenkransje;1
Schaduwkruiskruid;1
Esdoornganzenvoet;1
Vroege haver;1
Klein warkruid;1
Ruige scheefkelk s.s.;1
Stijve ogentroost;1
Zonnedauw (G);1
Gaffelsilene;1
Wijfjesvaren;1
Witte esdoom;1
Dwergzegge;1
Kool;1
Kool-|Raapzaad;1
Beredruif (G);1
Zachte hennepnetel;1
Goudknopje (G);1
Lievevrouwebedstro;1
Kruidkers (G);1
Bosboterbloem (subsp. nemorosus);1
Duizendblad;1
Hazenstaart (G);1
Witte narcis;1
Prachtrozenkransje;1
Koningskaars;1
Rijsbes;1
Goudenregen (G);1
Akeleiruit;1
Noordse helm;1
Holwortel;1
Akkerereprijs;1
Zomprus;1
Eekhoorngras;1
Zwanenbloemfamilie;1
Appel/peer;1
Duizendguldenkruid (G);1
Gebogen driehoeksvaren;1
Gierst|Naaldaar;1
Blauwe spar;1
Pastinaak (G);1
Grote windhalm;1
Wilde druif;1
Blaartrekkende boterbloem;1
Wit hongerbloempje;1
Geelwitte moerasbloem;1
Water-|Vogelmuur;1
Rode hoornpapaver;1
Watergentiaan;1
Lisfamilie;1
Braam|Framboos;1
Moeras-|Knolspirea;1
Gekweekt maanzaad;1
Viltkruid (G);1
Populier|Wilg (G);1
Teer guichelheil;1
Overblijvende hardbloem;1
Jakobsladder;1
Roze hemelsleutel;1
Duinaveruit;1
Gewone waterbies;1
Grote wolfsklauw;1
Bies;3
Klimop (G);1
Plataan;1
Bolletjesvaren;1
Gestreepte|Gladde witbol;1
Knolboterbloem;1
Duinrus s.s.;1
Akkerwinde;1
Smal/Veerdelig tandzaad;1
Knautia (G);1
IJle lamsoor;1
Voorjaarsazalea;1
Snavelruppia;1
Melde|Schorrenkruid;1
Phacelia (G);1
Zomeradonis;1
Grote weegbree s.l.;1
Gamander (G);1
Sleutelbloem (G);1
Appel (G);1
Straatliefdegras;1
Steentijmereprijs;1
Zwitsers mos;1
Gehoornde klaverzuring;1
Broodtarwe|Emmer;1
Zijdeplant;1
Handekenskruid (G);1
Moerasbeemdgras;1
Hemlockspar (G);1
Dadel;1
Wilgsla;1
Eenjarige|Overblijvende hardbloem;1
Eikvaren (G);1
Vlinderbloemfamilie;1
Zegekruid (G);1
Blauwe bremraap;1
Veldbies|Leliefamilie;1
Heggenvogelmuur;1
Twee-|Eenstijlige meidoorn;1
Oeverkruid;1
Knobbelklaverzuring;1
Veenbloembies (G);1
Donkersporig bosviooltje;1
Goudscherm (G);1
Fazantenbes;1
Akkerandoorn;1
Klein liefdegras;1
Europese lork;1
Lidrus;1
Wit|Roze vetkruid;1
Grote|Kleine tijm;1
Magnoliafamilie;1
Groot|Klein streepzaad;1
Gewone smeerwortel;1
Herik;1
Drijvende waterweegbree;1
Hennep/Hop;1
Stekende wolfsklauw;1
Hauwklaver;1
Witte engbloem;1
Blauwe bosbes|Rijsbes;1
Gele dovenetel;1
Mispel;1
Spaanse peper;1
Kransnaaldaar;1
Vederkruidfamilie;1
Snavelzegge;1
Juniperus (G);1
Grote bremraap;1
Vroege zegge;1
Lidstengfamilie;1
Reukeloze kamille;2
Braam/Framboos;1
Koffie;1
Hyssop|Ruit;1
Bastaardvlotgras;1
Knolduizendknoop;1
Spatelviltkruid;1
Winterjasmijn;1
Wouw;1
Prunus (G);1
Boerenkers (G);1
Kruipwilg;1
Drijvend fonteinkruid;1
Bleekgeel blaasjeskruid;1
Geelgroene vrouwenmantel;1
Moerasvaren;1
Deutzia (G);1
Leliefamilie;1
Dovenetel (G);1
Melkviooltje;1
Weegbreezonnebloem;1
Rode kamperfoelie;1
Klein zeegras;1
Knopig doornzaad;1
Winterakoniet;1
Beursjesganzenvoet;1
Vierrijige, bedekte gerst;1
Muizenstaart;1
Hulst (G);1
Bergvlas (G);1
Kornoeljefamilie;1
Rupsklaver (G);1
Addertong;1
Polei;1
Kerspruim;1
Welriekende nachtorchis;1
Gave brandnetel;1
Kruipertje;1
Spaanse ruiter x Kale jonker;1
Gevlekt biggenkruid;1
Poelruit groep;1
Oosterse blazenstruik;1
Bosanemoon;1
Lancetbladige basterdwederik;1
Late ogentroost;1
Getande veldsla;1
Paardenbloem;2
Nachtschadefamilie;1
Tengere veldmuur;1
Pompoen (G);1
Hondsdraf;1
Ogentroost;1
Kleine x Grote klaproos;1
Slijkgras (G);1
Fijnstraal (G);1
Kaukasisch sneeuwklokje;1
Canadese guldenroede;1
Baardgentiaan (G);1
Goudgele honingklaver;1
Moeraswespenorchis;1
Glanswier;1
Iepspirea;1
Moerasstreepzaad;1
Steenbreekvaren;1
Gewone glanshaver;1
Rogge (G);1
Hennep (G);1
Echte ballote;1
Knopkroos;1
Brede ereprijs;1
Draadgentiaan (G);1
Sneeuwbalspirea;1
Echte guldenroede;1
Groot kaasjeskruid;1
Knolbeemdgras (var. bulbosa);1
Ruige weegbree;1
Japanse bamboe (G);1
Uitgespreide steenraket;1
Rosse|Geknikte vossenstaart;1
Loos|Groot blaasjeskruid;1
Tweerijige gerst;1
Valeriaan|Veldsla (G);1
Kleverige ogentroost (G);1
Voorjaarszonnebloem (G);1
Wild kattenkruid;1
Zwarte|Glansbes-|Driebloemige nachtschade;1
Lork (G);1
Kornoelje (G);1
Rupsklaver/Klaver (G);1
Scherpe|Stijve zegge;1
Welriekende jasmijn;1
Vlotgras (G);1
Fraaie vrouwenmantel;1
Schorrezoutgras;1
Muskuskruidfamilie;1
Gewone vogelmelk (subsp. campestre);1
Vierrijige bedekte gerst;1
Amerikaanse vlier;1
Eenzijdig wintergroen (G);1
Rijsbes|Rode bosbes;1
Venushaar-familie;1
Reigersbek (G);1
Stijve naaldvaren;1
Blonde zegge;1
Groene|Dichte bermzegge;1
Gingellikruid (G);1
Glad walstro;1
Zwanenbloem;1
Reuzenzwenkgras;1
Gesteeld|Drietallig glaskroos;1
Krokus (G);1
Duinwespenorchis;1
Moeras-|Bosvergeet-mij-nietje;1
Weidehavikskruid x Muizeoor;1
Kluwenklokje;1
Melde|Ganzenvoet;1
Gewimperd en Duinlangbaardgras;1
Spaanse aak;1
Druif;1
Zachte naaldvaren;1
Bosgeelster;1
Viltroos;1
Hibiscus (G);1
Driekantige zegge;1
Duindoorn (G);1
Blauwe zeedistel;1
Valse zandzegge;1
Rond kaasjeskruid;1
Kweekdravik;1
Kleine varkenskers;1
Hopwarkruid;1
Middelste ganzerik;1
Zandpaardenbloem;1
Kluwen-|Krul-|Bloedzuring;1
Zinkboerenkers;1
Rogge;1
Stinkende lis;1
Boerenkrokus;1
Sofiekruid;1
Maasraket;1
Tenger fonteinkruid;1
Gesteelde zoutmelde;1
Wijnruit;1
Sesamfamilie;1
Jasmijn (G);1
Blauwe anemoon;1
Sitkaspar;1
Bleeksporig bosviooltje;1
Witte els;1
Moeraswalstro;1
Westerse karmozijnbes;1
Holpijp;1
Vlottende waterranonkel;1
Bleekgele hennepnetel;1
Emmer;1
Duist;1
Smalle|Brede raai;1
Beekpunge;1
Bergdravik;1
Klimopbremraap;1
Vogelmuur;1
Grote waterweegbree;1
Noords walstro;1
Keker (G);1
Gekweekte peen;1
Bindwilg;1
Trosdravik subsp. racemosus;1
Buxus;1
Slanke waterbies;1
Kroontjeskruid;1
Gewone salomonszegel;1
Kaasjeskruidfamilie;1
Gevlekte aronskelk;1
Pontische azalea;1
Biesvarenfamilie;1
Gele kornoelje;1
Watergentiaan (G);1
Kale gierst;1
Lintbloemige composiet;1
Gesteelde zannichellia;1
Averuit;1
Alant (G);1
Groene bermzegge;1
Kuifhyacint;1
Paardenhaarzegge;1
Hangend chinees klokje;1
Peer|Wilde peer;1
Verbena (G);1
Grauwe wilg x Katwilg;1
Moeraskers;1
Kruipganzerik|Tormentil|Voorjaarsganzerik;1
Robertskruid;1
Groot schapengras;1
Rode ganzenvoet;1
Poelruit;1
Hazenpootje|Liggende klaver;1
Gras-|Zeegroene muur;1
Slanke|Witte waterkers;1
Ruwe iep;1
Gekroonde ganzenbloem;1
Jakobsladderfamilie;1
Blauw kattenkruid;1
Bleke bermzegge;1
Noordelijke waterlelie;1
Kraaihei;1
Waterpeper|Beklierde duizendknoop;1
Schapengras;1
Trosglidkruid;1
Gewone vleugeltjesbloem s.l.;1
Kattenstaartamarant;1
Viltige basterdwederik;1
Pijptorkruid;1
Slangelook;1
Ondergedoken/Groot moerasscherm;1
Driebloemige nachtschade;1
Spirea (G);1
Streepvaren (G);1
Kortarige zeekraal;1
Kruipend zenegroen;1
Eenzijdig wintergroen;1
Stofzaad;1
Lis (G);1
Zegge subg. Carex;1
Paardenhaar-|Ronde|Pluimzegge;1
Winterakoniet (G);1
Doornden;1
Nerfamarant;1
Bruin cypergras;1
Naaldaar (G);1
Braam subg. Rubus;1
Japanse berberis;1
Stalkruid (G);1
Ruwe|Zachte berk;1
Veelwortelig kroos;1
Rijncentaurie;1
Knolspirea;1
Matten-|Ruwe  bies;1
IJle|Zwenkdravik;1
Klein glaskruid;1
Muskusplantje;1
Spaanse peper (G);1
Dagkoekoeksbloem|Blaassilene;1
Gerst|Raaigras (G);1
Smalle beukvaren;1
Nootkacipres;1
Wollige munt;1
Muskuskruid (G);1
Viltige spirea;1
Gewone|Middelste klit;1
Wilde bertram;1
Boterbloemfamilie;1
Vijfdelig kaasjeskruid;1
Witbol (G);1
Puntwederik;1
Huislook (G);1
Liggend hertshooi;1
Gewone vleugeltjesbloem var. dunensis;1
Kruiskruid (G);3
Mirte;1
Zwart peperboompje;1
Moeras-|Veld-|Ruw beemdgras;1
Fijn hoornblad;1
Citroenmelisse;1
Waterbies/Bies;1
Harig wilgenroosje|Viltige basterdwederik;1
Knolrus s.l.;1
Ruige/Oeverzegge;1
Kegelsilene;1
Cypres;1
Komijn;1
Groot blaasjeskruid;1
Beklierde duizendknoop subsp.  Mesomorphum;1
Bruin cypergras|Bosbies;1
Appel|Peer;1
Stekelbrem;1
Springzaad (G);1
Brede|Gewone eikvaren;1
Geel x Knikkend nagelkruid;1
Dalkruid (G);1
Spiesmelde (var. longipes);1
Anemoon (G);1
Slijkgroen (G);1
Alpenheksenkruid;1
Graslathyrus;1
Zeewolfsmelk;1
Rood cypergras;1
Bosandoorn;1
Compacte tarwe;1
Smalle stekelvaren;1
Gewone zoutmelde;1
Wolfspoot;1
Bosgierstgras;1
Strandvarkensgras;1
Veldrus|Zomprus;1
Cypergrasfamilie;1
Honingorchis (G);1
Epimedium;1
Echt duizendguldenkruid;1
Lobelia (G);1
Zwarte mosterd|Raapzaad;1
Knolbeemdgras;1
Brave hendrik;1
Biesvaren (G);1
Amandelwolfsmelk;1
Kruisdistel (G);1
Paarbladig fonteinkruid (G);1
Ingesneden/Paarse dovenetel;1
Lansvaren;1
Bultkroos;1
Dwergviltkruid;1
Dwergvlas;1
Bergcentaurie;1
Dubbelloof (G);1
Kaneel;1
Roze ooievaarsbek;1
Walnoot (G);1
Groot bronkruid;1
Blauwe knoop (G);1
Plomp (G);1
Waterweegbree-familie;1
Rivierfonteinkruid;1
Wilde ridderspoor;1
Vlotvaren (G);1
Gekielde dravik;1
Ruig schapengras;1
Noordse rus;1
Kruipende basterdwederik;1
Lamsoor (G);1
Holzaad;1
Berk (G);1
Zeemelkdistel;1
Muurleeuwebek;1
Karwij (G);1
Zeelathyrus;1
Paardengras;1
Schapenzuring;1
Rivierduinzegge;1
Parelgras (G);1
Hei-superfamilie;1
Dubbelloof;1
Klein hoefblad (G);1
Waterlelie (G);1
Rotsroos;1
Afrikaantje (G);1
Groot moerasscherm;1
Peterselievlier;1
Canadese rus;1
Zandraket (G);1
Beklierd havikskruid;1
Brandnetel (G);1
Kruipganzerik;1
Aapjesorchis;1
Italiaanse clematis;1
Reuzenberenklauw;1
Zwenkdravik;1
Groene nachtorchis;1
Kruismuur;1
Ruwe klaver;1
Italiaanse populier;1
Mansoor (G);1
Roze vetkruid;1
Engels raaigras/vlasdolik;1
Kwee|Peer;1
Groene naaldaar;1
Schermbloem-familie;1
Pitrus x Biezenknoppen;1
Gladde iep;1
Witte honingklaver;1
Timoteegras s.l.;1
Rimpelroos;1
Zegge (G);1
Oostenrijkse den;1
Oosterse bolderik;1
Torkruid (G);1
Viooltjesfamilie;1
Waterpeper/Beklierde duizendknoop;1
Drijvende|Kleine|Kleinste egelskop;1
Gele waterkers;1
Forsythia (G);1
IJle zegge;1
Arctische boterbloem;1
Kwee;1
Spoorbloem;1
Zeegroene rus;1
Engels x Klein slijkgras;1
Blauwe x Rode waterereprijs;1
Zilte|Gerande schijnspurrie;1
Bleek bosvogeltje;1
Nieuwzeelandse spinazie (G);1
Wijnstok (G);1
Witte paardenkastanje;1
Helmkruid (G);1
Lindefamilie;1
Kransmunt;1
Kikkerbeetfamilie;1
Waternootfamilie;1
Moerasvaren (G);1
Esparcette (G);1
Kleine majer;1
Zwarte lathyrus;1
Spitshavikskruid x Muizeoor;1
Veenmosorchis;1
Huttentut subsp. pilosa;1
Waterdrieblad;1
Herfstalsem;1
Blaassilene;1
Struikhei (G);1
Knopherik;1
Zwarte populier;1
Groot nagelkruid;1
Vreemd speenkruid;1
Witte steenraket;1
Blauwe waterereprijs;1
Wilde nigelle;1
Klein kruiskruid (var. hybernicus);1
Bergbasterdwederik;1
Gehoornde|Stijve klaverzuring;1
Ooievaarsbek (G);1
Fonteinkruidfamilie;1
Gele|Blonde|Schubzegge;1
Zomp-|Moerasvergeet-mij-nietje;1
Zilte rus;1
Kamille (G);1
Dwergrus;1
Rogge|Tarwe (G);1
Ruig zoutkruid;1
Peperkers;1
Brede raket;1
Brede orchis;1
Afghaanse duizendknoop;1
Veld-|Kluwen-|Krul-/Ridderzuring;1
Moespimpernel;1
Zwarte mosterd;1
Krul-/Knikkende distel;1
Bleek schildzaad;1
Bosdroogbloem;1
Afrikaanse amarant;1
Smal beemdgras;1
Wegdistel;1
Aardbei|Tormentil;1
Gewone veldbies;1
Dag-|Avondkoekoeksbloem;1
Rechte driehoeksvaren;1
Armbloemige waterbies;1
Lelietje-van-dalen;1
Akker- x Driekleurig viooltje;1
Eenbes;1
Florentijns havikskruid;1
Klein|Tenger fonteinkruid;1
Zeeweegbree;1
Egelboterbloem-sectie;1
Zwarte toorts;1
Ratelaar;2
Gewone engelwortel|Melkeppe;1
Glidkruid (G);1
Wolfskers;1
Noordse aalbes;1
Iepenfamilie;1
Goudlork;1
Moerashertshooi;1
Wilde gerst;1
Glad/Harig vingergras;1
Katwilg;1
Karwijselie (G);1
Hondsroos;1
Koolzaad|Witte mosterd;1
Steenbreek (G);1
Sleutelbloemfamilie;1
Smalle beukvaren (G);1
Zandblauwtje (G);1
Grote kroosvaren;1
Spinnenorchis;1
Slanke mantelanjer;1
Anjerfamilie;1
Behaard breukkruid;1
Gele maskerbloem;1
Wintereik x Zomereik;1
Marjoleinbekje;1
Witte waterkers;1
Peperboompje (G);1
Perzik;1
Zilt|Varkenskerveltorkruid;1
Zeealsem;1
Hoefblad (G);1
Agrimonie (G);1
Gerst/Tarwe (G);1
Fijne waterranonkel;1
Gewone x Geelwitte ossentong;1
Gevlekte|Kleine rupsklaver;1
Argentijnse amarant;1
Weidegeelster;1
Basterdamarant;1
Sikkelkruid (G);1
Frans walstro;1
Sierpompoen;1
Sterhyacint (G);1
Heggenduizendknoop (G);1
Geelwitte helmbloem;1
Hoornmelde (G);1
Zand-|Duinteunisbloem;1
Ruige heemst;1
Mosbloempje;1
Blauwe x Rode bosbes;1
Scherpe/Stijve zegge;1
Hennep;1
Witte/Paarse dovenetel;1
Havikskruid (G);1
Gerst|Emmertarwe;1
Knoopkruid|Grote centaurie;1
Plat|Moerasbeemdgras;1
Muskuskruid;1
Brandnetelfamilie;1
Hennepvreter;1
Kroosjes Gro-6|12;1
Kleine ereprijs;1
Dolle kervel;1
Virginische roos;1
Walstro (G);1
Karmozijnbes (G);1
Gewone steenraket;1
Waterteunisbloem;1
Schijncipres (G);1
Bergklokje;1
Veldrus;1
Grote leeuwenbek (G);1
Rozemarijn;1
Abrikoos;1
Vertakte paardenstaart;1
Sterrenkroos (G);1
Gladde zegge;1
Moeras-/Bosvergeet-mij-nietje;1
Ruwe dravik;1
Vlasbekje;1
Waterviolier (G);1
Winterlinde + Hollandse linde;2
Grote weegbree s.s.;1
Bosbies;1
Stippelvaren;1
Mammoetbladfamilie;1
Tandzaad (G);1
Wolfsklauw (G);1
Bosdravik + Ruwe dravik;1
Vliegenval (G);1
Echte gamander s.s.;1
Hazenstaart;1
Slanke waterweegbree;1
Wonderboom;1
Troslelietje (G);1
Veenbes (G);2
Stervruchtige waterweegbree (G);1
Valse kamille;1
Gele|Schubzegge;1
Blauw walstro;1
Grote muggenorchis;1
Ruw|Moerasvergeet-mij-nietje;1
Gifsumak;1
Ontariopopulier;1
Muizenoor;1
Ruige/Kleine leeuwentand;1
Beenbreek (G);1
Gele helmbloem;1
Bruine daglelie;1
Akkerdravik;1
Watergras (G);1
Boswilg;1
Roomse kervel;1
Kaal breukkruid;1
Eenstijlige x koraalmeidoorn;1
Rotsooievaarsbek;1
Waterpeper;1
Fijn schapengras;1
Steentijm (G);1
Beekpunge|Rode waterereprijs;1
Beklierde duizendknoop subsp. lapathifolia;1
Blaaszegge;1
Veldwarkruid;1
Geel vingerhoedskruid;1
Madeliefje;1
Hanendoorn;1
Basterdwederik (G);1
Struikhei;1
Hongerbloempje (G);1
Noordse zegge;1
Wortelloos kroos (G);1
Kuifvleugeltjesbloem;1
Klaverzuring (G);1
Scherpe|Kruipende boterbloem;1
Kleine pimpernel;1
Scherpe boterbloem-groep;1
Gele zeggesectie;1
Gele anemoon;1
Hoornbloem (G);1
Armbloemig look;1
Halsbloem;1
Fioringras;1
Nacht-/Blaassilene;1
Oosterse ridderspoor;1
Klein blaasjeskruid;1
Ballote;1
Fluweelblad;1
Gewone hennepnetel;1
Brede zannichellia;1
Hauwklaver (G);1
Pimpernel (G);1
Pitrus;1
Zwarte engbloem;1
Rood zwenkgras s.s.;1
Duifkruid;1
Boswilg x Grauwe wilg;1
Clethrafamilie;1
Duinvogelmuur;1
Pluimzeggesectie;1
Zomereik;1
Genadekruid (G);1
Moeraslathyrus;1
Frans hertshooi;1
Distel (G);1
Wilde appel;1
Postelein (G);1
Oosterse anemoon;1
Maagdenpalmfamilie;1
Stomp|Gewoon kweldergras;1
Kleine x Grote lisdodde;1
Blauwe|Rode bosbes;1
Moeras-|Oeverzegge;1
Steenanjer;1
Glad|Moeras-|Boswalstro;1
Kardinaalsmuts (G);1
Rapunzel (G);1
Doorschijnend sterrenkroos;1
Slipbladige rudbeckia;1
Dennenorchis;1
Franse boekweit;1
Maretak;1
Stomp vlotgras;1
Zwarte els;1
Dille;1
Emmer/Spelt;1
Bitterling;1
Appel/Peer;1
Zilte greppelrus;1
Tweetoppig struisgras;1
Kleine vlotvaren;1
Biggenkruid (G);1
Akkerogentroost;1
Echte tijm;1
Fraai hertshooi;1
Goudsbloem;1
Amarantfamilie;1
Smalle|Grote waterweegbree;1
Wateraardbei;1
Zeeviolier (G);1
Gespleten|Gewone hennepnetel;1
Akkerboterbloem;1
Laurier;1
Grove den;1
Buntgras (G);1
Rode bies;1
Fraai duizendguldenkruid;1
Tomaat;1
Oosterse karmozijnbes;1
Glad|Gewoon biggenkruid;1
Hennegras|Rivierstruisriet;1
Gerst;1
Kegeldragerfamilie;1
Cichorei (G);1
Korrelganzenvoet;1
Grote hardvrucht;1
Kleverige alant;1
Texaanse ganzenvoet;1
Boerentabak;1
Struisgras/Doddegras/Beemdgras;1
Klein heksenkruid;1
Cranberry;1
Kool(-zaad);1
Broodtarwe;1
Ruig zoutkruid (G);1
Laurierkers;1
Tere stekelvaren;1
Ronde ooievaarsbek;1
Duist|Grote vossenstaart;1
Blauwe druifjes;1
Luzerne;1
Breed pijlkruid;1
Gaspeldoorn;1
Stengelloze sleutelbloem;1
Water-|Kransmunt;1
Stomphoekig sterrenkroos;1
Lathyrus|Linze|Wikke;1
Rogge x Tarwe;1
Haag-/Zeewinde;1
Spits fonteinkruid;1
Gevlekt zonneroosje (G);1
Gewone spurrie var. linicola|maxima;1
Hardbloem (G);1
Douglasspar;1
Adelaarsvaren;1
Evene;1
Kool|Mosterd (G);1
Gele ganzenbloem;1
Mais;1
Duinriet;1
Aronskelk|Zeegras (G);1
Waterscheerling;1
Loogkruid (G);1
Moeraszuring;1
Veenbies;1
Echte marjolein;1
Schijfkamille;1
Vederkruid (G);1
Moederkoorn (G);1
Dotterbloem;1
Zwarte|Witte els;1
Knikkend/Veerdelig tandzaad;1
Look (G);1
Grote vossenstaart;1
Kool (G);1
Grote engelwortel;1
Rechte rus;1
Taxus;1
Laurierwilg;1
Kattendoorn;1
Anjer-|Ganzenvoetfamilie;1
Tweerijige zegge;1
Bosvergeet-mij-nietje;1
Olijvenfamilie;1
Bastaardsmeerwortel;1
Groenknolorchis (G);1
Gele lis;1
Ruige klaproos;1
Ruig x Maarts viooltje;1
Oostenrijkse kers;1
Bleke hoornbloem;1
Vlas;1
Klein|Rond kaasjeskruid;1
Paardenzuring;1
Lange ereprijs;1
Posteleinfamilie;1
Loos blaasjeskruid;1
Waterpest (G);1
Langstengelig fonteinkruid;1
Zeerus;1
Smal|Veldbeemdgras;1
Aardaker;1
Dunstaart;1
Centaurie (G);1
Stijve wolfsmelk;1
Engels lepelblad;1
Huttentut;1
Zevenster;1
Loogkruid;1
(Zilte) Greppelrus;1
DalmatiÃ«klokje;1
Hoornbloem;2
Duizendknoop|Zuring;1
Europese hanenpoot;1
Peer/Wilde peer;1
Wijdvertakte klaver;1
Bitterling (G);1
Klaver (G);1
Ruig|Maarts viooltje;1
Moeraskartelblad;1
Asperge (G);1
Bleke/Grote klaproos;1
Sesamzaad (G);1
Vallisneria (G);1
Vlakke wolfsklauw;1
IJzervaren (G);1
Priemkruid;1
Moerashyacint (G);1
Klavervreter;1
Kruipend moerasscherm;1
Kleine bevernel;1
Viltzegge;1
Veelbloemige veldbies s.l.;1
Kaneelroos;1
Melkkruid (G);1
Grote egelskop s.l.;1
Zilverkruiskruid;1
Maretakfamilie;1
Moeraswederik;1
Echte kardamom;1
Knikkende distel;1
Akkerkool;1
Keizerskaars;1
Glansbesnachtschade;1
Besanjelier;1
Rosse vossenstaart;1
Trosraaigras;1
Klaverbladvaren;1
Steenkruidkers;1
Bos-klimopereprijs;1
Ruige scheefkelk s.l.;1
Kool|Herik|Mosterd (G);1
Dicht havikskruid;1
Boerenjasmijn (G);1
Klein glidkruid;1
Basterdklaver;1
Wildemanskruid (G);1
Glaskruid (G);1
Berkenfamilie;1
Zwart tandzaad;1
Grote zandkool;1
Havikskruid subg. Hieracium;1
Bult-/Klein kroos;1
Grote kaardenbol;1
Ganzerik (G);1
Vederesdoorn;1
Ruige|Bleke klaproos;1
Zeegroene|Rode ganzenvoet;1
Moeras-|Zandstruisgras;1
Dicht langbaardgras;1
Schaduwgras;1
Kleinste egelskop;1
Kransnemesia;1
Paradijskorrel;1
Gekweekte postelein;1
Gewoon biggenkruid;1
Akkerkool (G);1
Hengel;1
Zwenkgras (G);1
Liggende ganzenvoet;1
Gekield sterrenkroos;1
Saffloer (G);1
Knikbloem (G);1
Blonde egelskop;1
Boszegge;1
Longkruid (G);1
Veldbies (G);1
Deutzia;1
Berk/Eik;1
Akkerklaver;1
Sierlijke vetmuur;1
Kleine sneeuwroem;1
Nimfkruidfamilie;1
Gekweekte erwt;1
Doorgroeid fonteinkruid;1
Rozemarijn (G);1
Wolfsklauwfamilie;1
Vetblad;1
Taxus (G);1
IJle dravik;1
Gewone brunel;1
Kleine watereppe (G);1
Kwelder-|Ruige zegge;1
Schijnpapaver;1
Baardzwenkgras;1
Radijs/Mosterd (G);1
Zwartsteel;1
Tarwe (G);1
Klein streepzaad;1
Oot;1
Donzige eik;1
Gerst|Tarwe (G);1
Gerst|Rogge|Tarwe (G);1
Smalle wikke s.l.;1
Kievitsbloem (G);1
Zilverschoon;1
Nachtorchis (G);1
Buishyacint (G);1
Uitstaande melde (var. patula);1
Grijskruid;1
Scherpe|Stijve|Zwarte zegge;1
Klein timoteegras;1
Haver|Evene;1
Slanke|Grote waterweegbree;1
Gevlekt hertshooi;1
Guichelheil|Wederik (G);1
Liggende raket;1
Pijp-|Zilt torkruid;1
Klein springzaad;1
Beklierde duizendknoop;1
Gewone ereprijs;1
Iep (G);1
Penningkruid;1
Gevlekt havikskruid;1
Rozetkruidkers;1
Gewone hemelsleutel;1
Zoete kers;1
Vlier (G);1
Bonte wikke subsp. villosa;1
Tandjesgras (G);1
Vossenstaart (G);1
Vergeten kruidkers;1
Slanke gentiaan;1
Keizerskroon;1
Nacht-|Blaassilene;1
Parelzaad;2
Rietgras;1
Vierzadige wikke s.l.;1
Stijve moerasweegbree;1
Jeneverbes;1
Adelaarsvarenfamilie;1
Langarige zeekraal;1
Stekelzaad (G);1
Heelblaadjes;1
Plataanfamilie;1
Zachte haver;1
Eenbloemige veldkers;1
Kweek;1
Breed klokje;1
Akkerdistel|Kale jonker;1
Niet determineerbaar;1
Roze deutzia;1
Smalle raai;1
Bosbes (G);1
Zeegras (G);1
Moerasscherm (G);1
Pekbloem;1
Varkensvenkel;1
Kikkerbeet;1
Lathyrus (G);1
Stekelige kogeldistel;1
Zannichellia;1
Amarant (G);1
Robinia;1
Glad parelzaad (G);1
Koninginnekruid (G);1
Zevenblad (G);1
Rode bosbes;1
Gevlekte orchis;1
Donzige klit;1
Pinda (G);1
Mannetjesvaren;1
Venushaar;1
Grote|Donzige klit;1
Zaadhuttentut;1
Grijs havikskruid;1
Brem;1
Smalle x Brede stekelvare;1
Kanariegras (G);1
Zeepkruid (G);1
Lelietje-van-dalen (G);1
Crassula (G);1
Wilde peer;1
Gewone margriet;1
Winterpostelein;1
Moederkruid;1
Epimedium (G);1
Handjesgras (G);1
Vogelmelk (G);1
Zilverwilg;1
Strandmelde;1
Kleine waterranonkel;1
Graslelie (G);1
Teunisbloem (G);1
Moerasscherm|Watereppe (G);1
Deens lepelblad;1
Spaanse ruiter;1
Fleskalebas;1
Graan|Riet;1
Klimopklokje (G);1
Gele ribes;1
Roos|Braam;1
Tuinkamperfoelie;1
Gerst|Broodtarwe;1
Rolklaver/rupsklaver/klaver;1
Rechte ganzerik|Vijfvingerkruid;1
Laser;1
Koprus;1
Rode ribes;1
Egelantier;1
Duindoorn;1
Gewone spurrie var. maxima;1
Wimperparelgras;1
Kanariezaad;1
Honingklaver|Klaver (G);1
Moerasmuur;1
Monnikskap (G);1
Liggende majer;1
Hyacint;1
Egelskop (G);1
Blauwe waterereprijs|Beekpunge|Rode waterereprijs;1
Gewone en Glanzige hoornbloem;1
Boon (G);1
Schedegeelster;1
Erwt|Voederwikke;1
Geknikte x Grote vossenstaart;1
Niervaren (G);1
Liggend|Gevleugeld hertshooi;1
Veldzuring;1
Kompassla;1
Moeras-/Akkerkers;1
Klein slijkgras;1
Grote egelskop s.s.;1
Ruige zegge;1
Kleine lisdodde;1
Eenbloemig wintergroen (G);1
Langstekelige distel;1
Peperfamilie;1
Noorse esdoorn;1
Koolzaad;1
Glanzende hoornbloem;1
Anijs;1
Kleefkruid|Akkerwalstro;1
Gewone|Donzige klit;1
Kleine leeuwentand;1
Fleskalebas (G);1
Hartgespan;1
Olijfwilg (G);1
Look-zonder-look;1
Glad vingergras;1
Wolfsmelkfamilie;1
Geschubde mannetjesvaren;1
Fonteinkruid (G);1
Gele morgenster;1
Galigaan (G);1
Gewone duivenkervel;1
Lipbloemfamilie;1
Geel nagelkruid;1
Blauwe knoop;1
Gevlekte scheerling (G);1
Emmer/Eenkoorn;1
Doorgroeide boerenkers;1
Palmenfamilie;1
Paarse schubwortel;1
Mannagras|Stomp vlotgras;1
IJle bermzegge;1
Els (G);1
Blauw guichelheil;1
Berggamander;1
Pershore pruim;1
Water-|Akkermunt;1
Beklierde kogeldistel;1
Bedstro (G);1
Phaceliafamilie;1
Schaafstro;1
Aarmunt;1
Wilgenroosje (G);1
Vals muizenoor;1
Zijdeplantfamilie;1
Viltganzerik;1
Appel;1
Papaverfamilie;1
Bieslelie;1
Steenhoornbloem;1
Buxus (G);1
Biezenknoppen|Pitrus;1
Tuinaardbei;1
Bevertjes;1
Ruige|Kleine leeuwentand;1
Kwee/Peer;1
Tuin-|Grote bosaardbei;1
Doddegras|Straatgras;1
Knolribzaad|Dolle kervel;1
Slanke wikke;1
Duizendknoop (G);1
Alsemambrosia;1
Bleke|Grote klaproos;1
Geelgroene en dwergzegge;1
Liggende ganzerik;1
Kale jonker|Speerdistel;1
Heggewikke;1
Witte reseda;1
Berberis (G);1
Weidekervel (G);1
Nieuwzeelandse spinazie;1
Gulden sleutelbloem;1
Barbarakruid|Waterkers;1
Blauwe|Rode waterereprijs;1
Meidoorn (G);1
Kruipkattenstaart;1
Kurkboom (G);1
Berijpte wilg;1
Theeboompje;1
Eivormige waterbies;1
Zand-|Tweerijige zegge;1
Gele x Reukeloze kamille;1
Moerasvarenfamilie;1
Alpenbes;1
Weegbreefonteinkruid;1
Grote/Kruipende boterbloem;1
Stinkend nieskruid;1
Pinda;1
Zegge subg. Vignea;1
Witte muggenorchis (G);1
Papegaaienkruid;1
Brede stekelvaren;1
Hyssop;1
Zonnenroosjesfamilie;1
Zwarte bes|Aalbes|Kruisbes;1
Moerasspirea;1
Klein|Groot blaasjeskruid;1
Gewone dotterbloem;1
Emmer|Eenkoorn;1
Bleke morgenster;1
Kleine veenbes;1
Gele|Dwergzegge;1
Klein robertskruid;1
Ruw beemdgras;1
Veelkleurig vergeet-mij-nietje;1
Zaagblad;1
Buntgras;1
Gewone vrouwenmantel s.l.;1
Rode|Witte klaver;1
Malrove (G);1
Bosvogeltje (G);1
Eenbes (G);1
Naaldenkervel;1
Struisvaren;1
Boswalstro;1
Glanzige ooievaarsbek;1
Strand-|Spiesmelde;1
Eenbloemige zeekraal;1
Rood zwenkgras|Engels raaigras;1
Hemelboom;1
Akkermelkdistel s.l.;1
Vinkenzaad (G);1
Echte kamille;1
Fijnstengelige vrouwenmantel;1
Roedewolfsmelk;1
Goudzuring;1
Els|Berk;1
Havikskruid|Kruiskruid;1
Kruldistel;1
Studentenkruid;1
Soldaatje;1
Grondster (G);1
Stinkende kamille;1
Grauwe abeel;1
Rechte alsem|Bijvoet (G);1
Japans hoefblad;1
Zwarte nachtschade s.l.;1
Tuinboon;2
Perzikkruid;1
Blauwe lupine;1
Rode ogentroost;1
Zonnebloem;1
Hoog struisgras;1
Stijve zonnebloem;1
Linze|Wikke;1
Zomerandoorn;1
Kalkraket (G);1
Pijp-/Zilt torkruid;1
Bosveldkers;1
Kool|Koolzaad|Raapzaad;1
Stijf ijzerhard;1
Subsp. chamaedrys van Echte gamander;1
Wikke (G);1
Gestreepte witbol;1
Lijsterbesspirea (G);1
Mattenbies|Heen;1
Haver (G);1
Klimopereprijs;1
Berenklauw (G);1
Schapengras|Rood zwenkgras;1
Ongelijkbladig|Duizendknoopfonteinkruid;1
Moerasbasterdwederik;1
Pijlscheefkelk;1
Quinoa;1
Mierikswortel (G);1
Aardbei (G);1
Trekrus;1
Kleine bergsteentijm;1
Stekende stekelnoot;1
Pluimgierst;1
Zeegroen walstro;1
Grof/Fijn hoornblad;1
Zweedse kornoelje;1
Valkruid;1
Dodemansvingers;1
Scherpe zegge;1
Middelste|Grote teunisbloem;1
Holwortel|Vingerhelmbloem;1
Koekruid;1
Lisdodde (G);1
Veldrus|Zomprus|Knolrus;1
Nachtkoekoeksbloem;1
Boksdoorn;1
Borstelgras (G);1
Strandkweek|Kweek;1
Toorts (G);1
Gipskruid (G);1
Basilicum (G);1
Dotterbloem (G);1
Addertong (G);1
Veldsla;1
Krul-|Knikkende distel;1
Moerashyacint;1
Rode pekanjer;1
Kamgras;1
Langbaardgras (G);1
Kruisbladige wolfsmelk;1
Wilde kamperfoelie;1
Rapunzelklokje;1
Vlooienkruid (G);1
Bosgerst (G);1
Dravik;2
Kruipganzerik|Tormentil|Aardbeiganzerik;1
Reuzenzilverspar;1
Amerikaans perzikkruid;1
Liggende vetmuur;1
Hokjespeul (G);1
MariÃ«tteklokje;1
Roggelelie s.l.;1
Bergknautia;1
Drijvend|Doorgroeid fonteinkruid;1
Kranswier;1
Hemelsleutel;1
Vlottend fonteinkruid;1
Schildereprijs;1
Hondstong (G);1
Witte/Gevlekte dovenetel;1
Salomonszegel (G);1
Weegbree (G);1
Grijze mosterd (G);1
Gipskruid;1
Greppelrus;1
Zeeviolier;1
Ruppia (G);1
Rode kornoelje|Peper;1
Wilde cichorei;1
Witte amarant;1
Meloen;1
Witte x Wilde narcis;1
Hoog struisgras/Fioringras;1
Lupine (G);1
Hennepnetel|Andoorn;1
Wit vetkruid;1
Kompassla (fo. serriola);1
Klein schorrenkruid (G);1
Liggende klaver;1
Wilde averuit;1
Haaksterrenkroos;1
Wild maanzaad;1
Bremraap (G);1
Erwt (wild);1
Riempjes (G);1
Voorjaarsadonis;1
Liggend walstro;1
Zwaluwtong;1
Grote keverorchis;1
Aardkastanje;1
Kleine ruit;1
Watergras;1
Draadklaver;1
Duits viltkruid;1
Melkdistel (G);1
Ruwe smele;1
Blauwe waterereprijs|Beekpunge;1
Harig vingergras;1
Klein vogelpootje;1
Grote aster;1
Witte|Bruine snavelbies;1
Linze;1
Gele ganzenbloem (G);1
Riet;1
Grote ereprijs;1
Pruikenboomfamilie;1
Goudveil (G);1
Druifkruid;1
Mattenbies x Driekantige bies;1
Stijf havikskruid;1
Erwt|Wikke;1
Clematis (G);1
Sierlijk vetkruid;1
Riet|Beemdgras;1
Pruim s.s.;1
Turkse lelie;1
Goudhaver;1
Stekelige hanenpoot;1
Kruisbes;1
Gekield druifkruid;1
Kleine brandnetel;1
Dennenorchis (G);1
Strobloem;1
Scherpe boterbloem;1
Borstelkrans;1
Slanke vrouwenmantel;1
Kruisbladgentiaan;1
Lepelblad (G);1
Sofiekruid (G);1
Pilzegge;1
Moerbei (G);1
Dolik;1
Vertakt schaafstro;1
Lavendelhei;1
Parnassia;1
Brede|Gewone ereprijs;1
Ruwbladigenfamilie;1
Zacht loogkruid;1
Weideklokje;1
Geelwitte ossentong;1
Berglook;1
Riet (G);1
Bittere scheefbloem;1
Echt bitterkruid;1
Boskruiskruid;1
Erwt/tuinboon;1
Holzaad|Koriander;1
Knolribzaad/Dolle kervel;1
Glanswier|Sterkranswier;1
Vlasdolik|Dolik;1
Sterzegge;1
Bochtige smele;1
Behaard stofzaad;1
Kikkerbeet (G);1
Welriekende salomonszegel;1
Rietzwenkgras;1
Rode waterereprijs;1
Moederkoorn;1
Kardamom (G);1
Vlinderstruik;1
Rode kornoelje/Peper;1
Ingesneden|Paarse dovenetel;1
Kroosjespruim boerewitte;1
Veerdelig tandzaad;1
Douglasspirea;1
Harlekijn;1
Rode dophei;1
Gewone ossentong;1
Dennenwolfsklauw;1
Kleine veldkers;1
Narcisklokje (G);1
Gentiaan (G);1
Geoorde|Rossige|Grauwe wilg;1
Vlasleeuwenbek (G);1
Appelbes;1
Driekantige bies;1
Mannetjesereprijs;1
Rupsklaver|Honingklaver (G);1
Middelste duivenkervel;1
Gewoon varkensgras;1
Maanvaren (G);1
Weichselboom;1
Kamveenmos;1
Reigersbek s.s.;1
Kamfer;1
Heemst (G);1
Kleine kroosvaren;1
Geelster (G);1
Driehoeksvaren (G);1
Graan;1
Bolletjesvaren (G);1
Gewoon boerenblauwtje;1
Gestreepte greppelrus;1
Hongaarse wikke;1
Venkel;1
Alsem (G);1
Zannichellia (G);1
Voorjaarszegge;1
Ondergedoken|Groot moerasscherm;1
Akker-|Bosandoorn;1
Fransje|Mattenbies;1
Amaryllisfamilie;1
Biet s.s.;1
Aster (G);1
Smalle/Grote waterweegbree;1
Silene (G);1
Koningsvaren;1
Platte scheefkelk;1
Lathyrus|Wikke;1
Phacelia;1
Rolklaver/Klaver;1
Recht x Hangend chinees klokje;1
Sterrenkroosfamilie;1
Bonne de Bry;1
Sandelhoutfamilie;1
Gewone eikvaren;1
Salie (G);1
Boekweit (G);1
Amandelboom;1
Duinteunisbloem;1
Biezenknoppen;1
Witte snavelbies;1
Zand-/Duinteunisbloem;1
Zeegroene zegge;1
Glad|Harig vingergras;1
Scherpe|Knol-|Kruipende boterbloem;1
Helmogentroost (G);1
Holwortel/Vingerhelmbloem;1
Veldbeemdgras;1
Koraalmeidoorn;1
Pilvaren (G);1
Vroege ogentroost;1
Grote lisdodde;1
Gagelfamilie;1
Paarbladig goudveil;1
Aronskelkfamilie;1
Zwaardherik;1
Gagel (G);1
Stijve wikke;1
Welriekende|Bergnachtorchis;1
Grote|Gewone klit;1
Tweerijige|Elzenzegge;1
Roodbloeiende framboos;1
Duizendschoon;1
Duivenboon;1
Lijnzaadfamilie;1
Plat handjesgras (G);1
Late stekelnoot var. albidum;1
Canadees hertshooi;1
Zeepostelein;1
Dagkoekoeksbloem;1
Lavas (G);1
Genadekruid;1
Spitslobbige vrouwenmantel;1
Zenegroen (G);1
Kromhals;1
Getand vlotgras|Mannagras|Stomp vlotgras;1
Elzenzegge;1
Akkervergeet-mij-nietje;1
Japanse wijnbes;1
Berk|Eik;1
Boterbloem (G);1
Paradijskorrel (G);1
Uitstaande melde;1
Varkenspruim;1
Gekroesd fonteinkruid;1
Kleine ratelaar;1
Moerasandoorn;1
Trilgraszegge;1
Veldmuur (G);1
Getand|Stomp vlotgras;1
Waterpeper|Zachte duizendknoop;1
Veenbloembiesfamilie;1
Beredruif;1
Schapenzuring subsp. angiocarpus;1
Akkerklokje;1
Bastaardandoorn;1
Veld-|Ruw beemdgras;1
Vlakke dwergmispel;1
Wortelloos kroos;1
Vingerzegge;1
Rijst (G);1
Blaasvaren;1
Piment;1
Drienerfmuur (G);1
Stijf struisriet;1
Struis-|Beemdgras;1
Niervarenfamilie;1
Kaasjeskruid (G);1
Wilde judaspenning;1
Braam;1
Klein tasjeskruid (G);1
Vleeskleurige orchis;1
Trosgierst|Groene naaldaar;1
Kroonkruid (G);1
Mahonia;1
Klein schorrenkruid;1
Dubbelkelk;1
Pittenkruid (G);1
Wilde narcis s.s.;1
Paardenbloem (tortilobum);1
Buisbloemige composiet;1
Heksenkruid (G);1
Bitterkruidbremraap;1
Nachtsilene;1
Water-/Akkermunt;1
Rabarber (G);1
Geoorde veldsla;1
Wit hoefblad;1
Hardgras (G);1
Drienervige zegge;1
Pinksterbloem;1
Pitrus|Zeegroene rus;1
Weegbreefamilie;1
Dwergbloem;1
Hazenpootje|Liggende|Kleine klaver;1
Vleugelnoot;1
Grote graslelie;1
Grote klit;1
Hemelroosje;1
Witte|Gevlekte dovenetel;1
Sojaboon (G);1
Rode aardbeispinazie;1
Ongelijkbladig vederkruid;1
Haagbeuk;1
Echte valeriaan;1
Late guldenroede;1
Stijf vergeet-mij-nietje;1
Citroenmelisse (G);1
Composietfamilie;1
Engels mosfamilie;1
Europese hanenpoot|Naaldaar;1
Spoorbloem (G);1
Kleine aster;1
Wijnstokfamilie;1
Gewone esdoorn;1
Wintereik;1
Ruw walstro;1
Spelt;2
Handjesereprijs;1
Franse silene;1
Scherpe|Zwarte zegge;1
Gevlekt longkruid;1
Gewone|Hegge-|Duinvogelmuur;1
Wijfjesvaren (G);1
Naaldvaren (G);1
Zwartmoeskervel;1
Bonenkruid;1
Vlinderstruikfamilie;1
Pruim kwets;1
Driedistel (G);1
Zomp-/Moerasvergeet-mij-nietje;1
Langstelige olijfwilg;1
Vijfbladige wingerd;1
Wildemanskruid;1
Bleke zegge;1
Schietwilg;1
Gewone dophei;1
Pruim s.l.;1
Schapengras/Rood zwenkgras;1
Haagliguster;1
Kool|Radijs (G);1
Nagelkruid (G);1
Vlieszaad (G);1
Prikneus;1
Brede lathyrus;1
Chinese naaldaar;1
Moesdistel|Speerdistel;1
Witte dovenetel;1
Brede dovenetel;1
Hemelboom (G);1
Haver/Evene;1
Ei|Linde;1
Ringel-/Vierzadige wikke;1
Pruim spilling;1
Vetmuur (G);1
Liesgras|Stomp vlotgras;1
Draaiden;1
Kwelderzegge;1
Korenschijnspurrie;1
Waterkruiskruid;1
Klein/Rond kaasjeskruid;1
Duinkruiskruid;1
Steenraket (G);1
Kroosjes;1
Jakobsladder (G);1
Kooltje-vuur;1
Kleine|Kleinste egelskop;1
Ereprijs (G);1
Stinkende ganzenvoet;1
Guichelheil|Melkkruid (G);1
Bult-|Klein kroos;1
Strandkweek/Kweek;1
Boerenwormkruid;1
Henna;1
Klein wintergroen;1
Sorgo (G);1
Snavelbies (G);1
Gevlekt zonneroosje;1
Rijstgras (G);1
Stokroos;2
Aardbeiklaver;1
Aubergine;1
Den (G);1
Arabische koffie;1
Driekleurig viooltje;1
Loze reigersbek;1
Spurrie (G);1
Zilte|Kwelderzegge;1
Blaartrekkende boterbloem|Waterranonkel;1
Bieslook;1
Peen (G);1
Geknikte vossenstaart;1
Ringel-|Vierzadige wikke;1
Pijpenstrootje;1
Hopklaver|Luzerne;1
Vogel-|Smalle wikke;1
Moeraskruiskruid;1
Harig wilgenroosje|Berg-|Viltige basterdwederik;1
Vogel-|Ringel-|Smalle wikke;1
Crassulafamilie;1
Rogge x Tarwe (G);1
Roze berberis;1
Pijnappel;1
Uitstaande vetmuur;1
Aardbeiganzerik;1
Moeras-|Gewoon struisgras;1
Stippel-/Korrelganzenvoet;1
Waterpunge (G);1
Hulst;1
Zwarte bes/Aalbes;1
Spinazie;1
Vierzadige wikke s.s.;1
Dwergvlas (G);1
Zomerschroeforchis;1
Zwarte den;1
Smalle rolklaver;1
Klokje (G);1
Kastanje (G);1
Bijenorchis;1
Stekelzaad;1
Gewone waternavel;1
Akker-|Moerasvergeet-mij-nietje;1
Donderkruid;1
Gewoon kweldergras;1
Paarse dovenetel s.s.;1
Jakobskruiskruid;1
Waternoot (G);1
Koninginnekruid;1
Watertorkruid;1
Penseelbladige waterranonkel;1
Karwijvarkenskervel;1
Trosgierst|Krans-|Groene naaldaar;1
Straatgras|Stomp kweldergras;1
Maretak (G);1
Hop;1
Varkenskers (G);1
Nimfkruid (G);1
Lathyruswikke;1
Waterkers (G);2
Rijst;1
Pruim|Sleedoorn;1
Ruw gierstgras;1
Schildzaad (G);1
Linnaeusklokje;1
Voszegge;1
Priemvetmuur;1
Waterlepeltje (G);1
Duitse brem;1
Borstelstreepzaad;1
Trosgamander;1
Oostelijk kruiskruid;1
Lavendel;1
Oosterse wingerd;1
Dadel (G);1
Stokroos|Kaasjeskruid (G);1
Sering (G);1
Tuinwolfsmelk;1
Knopherik|Radijs;1
Heelbeen (G);1
Walnootfamilie;1
Klein kroos;1
Basterd-|Witte klaver;1
Knikkende vogelmelk;1
Wasgagel;1
Lavas;1
Stengelomvattend havikskruid;1
Dag-/Avondkoekoeksbloem;1
Azijnboom;1
Kompassla (fo. integrifolia);1
Bokkennoot;1
Witte|Goudgele honingklaver;1
Bonte krokus;1
Herfstaster;1
Gewone magnolia;1
Honingorchis;1
Vroege sterhyacint;1
Koriander (G);1
Hondskruid (G);1
Stinkende gouwe (G);1
Gele dovenetel subsp. montanum;1
Korenbloem;1
Moerascipres (G);1
Groot zeegras;1
Weegbree-|Duizendknoopfonteinkruid;1
Plat blaasjeskruid;1
Schraallandpaardenbloem;1
Oosterse raket;1
Hazenzegge;1
Akkerscherm (G);1
Liesgras;1
Gewone hoornbloem;1
Brood-|Compacte tarwe;1
Tulp (G);1
Riempjes;1
Broodtarwe|Harde tarwe;1
Pluimzegge;1
Spiegelorchis (G);1
Muursla;1
Muurpeper;1
Zwarte bes|Aalbes;1
Wegdistel (G);1
Anjer|Mantelanjer;1
Bergsteentijm;1
Oostelijke hemlockspar;1
Wilde weit;1
Waterlepeltje;1
Warkruid (G);1
Siertabak;1
Bleek cypergras;1
Gewoon barbarakruid;1
Nieskruid (G);1
Lidsteng;1
Kool-/Raapzaad;1
Kruipganzerik x Tormentil;1
Grote schorseneer;1
Duindoornfamilie;1
Alexandrijnse klaver;1
Knikkend parelgras;1
Prachtklokje;1
Groene els;1
Zeegroene|Blauwe zegge;1
Dauwnetel;1
Dichtbloemig kweldergras;1
Basilicum;1
Gingellikruid;1
Tuinviooltje;1
Roggelelie s.s.;1
Vederdistel (G);1
Zeegroene muur;1
Gewone engelwortel;1
Theeboompje x Douglasspirea;1
Ruw parelzaad;1
Drielobbige ambrosia;1
Stomp fonteinkruid;1
Bonte wikke s.l.;1
Biestarwegras;1
Stekend loogkruid;1
Geel zonneroosje;1
Linze (G);1
Moeras-/Gewoon struisgras;1
Avondkoekoeksbloem;1
Oranje havikskruid;1
Pijlkruid (G);1
Grote watereppe (G);1
Gegroefde veldsla;1
Tabak (G);1
Waternoot;1
Beemdkroon;1
Kool/Radijs (G);1
Kalmoes (G);1
Geelrode naaldaar;1
Reseda (G);1
Grote centaurie;1
Ruige|Grote klaproos;1
Geelgroene zegge;1
Amandelwilg;1
Malrove;1
Stomp|Doorgroeid fonteinkruid;1
Kluwen-|Bloedzuring;1
Oosterse morgenster;1
Bedekte gerst;1
Brem (G);1
Gewone klit;1
Straalscherm;1
Ceylon kardamom;1
IJzerhard;1
Mispel (G);1
Akkermunt;1
Zilverschildzaad (G);1
Watermunt;1
Bitterkruid (G);1
Melde (G);1
Peer;1
Glad|Boswalstro;1
Bosroos;1
Ruige rupsklaver;1
Stijve steenraket;1
Hemelboomfamilie;1
Honingklaver/Klaver (G);1
Biezenknoppen|Pitrus|Zeegroene rus;1
Bruidsbloem;1
Zeekool (G);1
Japanse duizendknoop;1
Lidsteng (G);1
Bokjessteenbreek;1
Rankende helmbloem;1
Holzaad/Koriander;1
Grijskruid (G);1
Grote veldbies;1
Heggenduizendknoop|Waterzuring;1
Witte narcis x N. tazetta;1
Scherpe fijnstraal;1
Waterweegbree (G);2
Europese hanenpoot|Pluimgierst;1
Schroeforchis (G);1
Leeuwentand|Bitterkruid;1
Geelrode|Kransnaaldaar;1
Bittere wilg;1
Ridderzuring (subsp. transiens);1
Oevermunt;1
Vlottende bies;1
Akkerleeuwenbek;1
Zittende zannichellia;1
Amerikaanse kattenstaart;1
Geel monnikskruid;1
Zwartkoren (G);1
Vinkenzaad;1
Bernagie;1
Meelbes;1
Walstrobremraap;1
Cipreswolfsmelk|Heksenmelk;1
Mosterd (G);1
Seselie (G);1
Aubrietia (G);1
Fransje/Mattenbies;1
Doorgroeide kruidkers;1
Pluimes;1
Gewone zilverspar;1
Klein glaskroos;1
Dreps;1
Maarts viooltje;1
Bijvoet;1
Elzen-|Hazenzegge;1
Beemdhaver;1
Ringelwikke;1
Dichtbloemige veldbies;1
Egeria;1
Subsp. austriaca van Brede ereprijs;1
Wilg (G);1
Moerasgamander;1
Citroengele honingklaver;1
Gewoon sneeuwklokje;1
Grote klaproos;1
Rood peperboompje;1
Morgenster (G);1
Grote kattenstaart;1
Vlotvarenfamilie;1
Ruit (G);1
Goud-|Moeraszuring;1
Groene amarant;1
Hertshooi (G);1
Oever-|Blaaszegge;1
Muursla (G);1
Bergnachtorchis;1
Zuring (G);1
Kervel (G);1
Moerbeifamilie;1
Spaanse dravik;1
Vierrijige gerst;1
Voorjaarshelmkruid;1
Kropaar (G);1
Herfsttijloos (G);1
Linzenwikke|Erve;1
Gele krokus;1
Karpatenklokje;1
Spiraalruppia;1
Tapijtbloem;1
Priemkruid (G);1
Costus;1
Zwenkgras|Raaigras;1
Ratelpopulier;1
Perzische klaver;1
Amsinckia (G);1
Struisgras|Doddegras|Beemdgras;1
Abutilon (G);1
Stippelganzenvoet;1
Wilgalant;1
Ribzaad (G);1
Caucalis;1
Veenwortel;1
Viltige dwergmispel;1
Tef;1
Guichelheil;1
Glad parelzaad;1
Streepzaad (G);1
Rood bosvogeltje;1
Kleine addertong;1
Trosbosbes;1
Zonnedauwfamilie;1
Kleine maagdenpalm;1
Zee-/Knopige/Priemvetmuur;1
Japanse dravik;1
Hondsdraf (G);1
Centauriebremraap;1
Geel viltkruid;1
Pruim smal boerenblauwtje;1
Zeegroene/Rode ganzenvoet;1
Rododendron (G);1
Kroosjespruim Blijham;1
Erwt|Tuinboon;1
Eenkoorn;1
Gekweekte|Wilde appel;1
Vroeg vergeet-mij-nietje;1
Morgenster;1
Canadese fijnstraal;1
Bergandoorn;1
Struikden;1
Langbladige druifhyacint;1
Sneeuwbal (G);1
Waternavel (G);1
Muurhelmbloem (G);1
Aronskelk (G);1
Slanke mantelanjer (G);1
Zwaardrus;1
Witte haagcotoneaster;1
Kruipende boterbloem;1
Moerasbloemfamilie;1
Meerrijige, bedekte gerst;1
Bernagie (G);1
Geitenbaard (G);1
Zandanjer;1
Zulte;1
Grote wikke;1
Waterzuring;1
Beklierde duizendknoop subsp.  pallidum;1
Gewone bermzegge;1
Komkommerfamilie;1
Hop (G);1
Vlinderstruik (G);1
Pinksterbloem subsp. pratensis;1
Heemst;1
Kleefkruid;1
Bospaardenstaart;1
Veldsalie;1
Zeevetmuur;1
Snavel-/Blaaszegge;1
Spitse geelster;1
Slaapmutsje (G);1
Mattenbies/Heen;1
Gouden ribzaad;1
Oeveramarant;1
Kortsteel (G);1
Broodtarwe|Spelt;1
Zeekraal;1
Moeraslantaarn;1
Voszeggesectie;1
Tijm (G);1
Gewone|Smalle rolklaver;1
Bolderik;1
Paardenbloemstreepzaad;1
Kruisbladwalstro;1
Akkergoudsbloem;1
Groensteel;1
Paardenbloem (oxoniense);1
Bleek kweldergras;1
Hondshelmkruid;1
Zure kers;1
Zandraket;1
Heidemelkviooltje;1
Geoord helmkruid;1
Schedefonteinkruid;1
Honingklaver (G);1
Groot heksenkruid;1
Gewoon reukgras;1
Muggenorchis (G);1
Zilte schijnspurrie;1
Stinkende gouwe;1
Kluwenzuring;1
Gegolfd fonteinkruid;1
Mierikswortel;1
Veenbies subsp. cespitosus;1
Koolfamilie;1
Zinkschapengras;1
Trompetnarcis;1
Haagbeuk (G);1
Helm (G);1
Akker-|Gewone melkdistel;1
Kalkboterbloem;1
Drie-urenbloem;1
Haagwinde;1
Struisriet (G);1
Wilde kievitsbloem;1
Zonneroosje (G);1
Weidekervel-torkruid;1
Zandweegbree;1
Zeegerst;1
Valse salie;1
Mansoor;1
Liggende vleugeltjesbloem;1
Betonie;1
Wilde kardinaalsmuts;1
Engels raaigras;1
Akker-|Zachte|Trosdravik;1
Waterpostelein;1
Kleine jasmijn;1
Gewone vlier;1
Lisdoddefamilie;1
Zwartmoeskervel (G);1
Akkerhoornbloem;1
Hoog struisgras|Fioringras;1
Oeverzegge;1
Honds- x Bleeksporig bosviooltje;1
Braam (G);1
Echte stijve ogentroost;1
Springzaadveldkers;1
Slijkgroen;1
Stijve steenraket|Gewone raket;1
Zandhaver;1
Vergeten wikke;1
Grote wederik;1
Kleine zonnedauw;1
Middelst helmkruid;1
Rozetsteenkers;1
Voorjaarsganzerik;1
Waterlobelia;1
Ongevlekt longkruid;1
Aalbes;1
Hartgespan (G);1
Plat beemdgras;1
Trosdravik;1
Plataan (G);1
Tuinmelde;1
Spinazie (G);1
Moeras-|Bosandoorn;1
Kleine waterteunisbloem;1
Gevlekte dovenetel;1
Slanke/Grote waterweegbree;1
Druifhyacint (G);1
Studentenkruid (G);1
Waterdrieblad (G);1
Gewoon varkensgras|Zwaluwtong;1
Spiesraket;1
Boekweit;1
Zinkviooltje;1
Linze|Erwt|Wikke;1
Pijpbloem-familie;1
Spiesleeuwebek;1
Kranswierfamilie;1
Driedistel;1
Lange zonnedauw;1
Steenbraam;1
Dauwbraam|Framboos;1
Smalle|Brede stekelvaren;1
Kleine watereppe;1
Oranjelelie;1
Vlaswarkruid;1
Stippelzegge;1
Bandwilg;1
Straatwolfsmelk;1
Plat beemdgras|Schaduwgras;1
Eenarig wollegras;1
Helmkruid|Toorts (G);1
Gespleten hennepnetel;1
Doddegras (G);1
Rankende zegge;1
Zeeraket (G);1
Vleugeltjesbloemfamilie;1
Overblijvende ossentong;1
Zilverspar (G);1
Grof|Fijn hoornblad;1
Munt (G);1
Getand vlotgras;1
Koraalwortel;1
Viooltje (G);1
Dwergbloem/Waterpunge;1
Jakobskruiskruid s.l.;1
Gewone vogelmelk (subsp. unbellatum);1
Bergvrouwenmantel;1
Dwergberk;1
Groot sneeuwklokje;1
Melige toorts;1
Heermoes|Lidrus;1
Baardgras (G);1
Kamperfoelie (G);1
Ruwe berk;1
Peterselie (G);1
Linnaeusklokje (G);1
Gelobde maanvaren;1
Zwarte moerbei;1
Hongaars havikskruid;1
Kraailook;1
Juffertje-in-'t-groen;1
Akker-|Grote ereprijs;1
Goudsbloem (G);1
Kantige basterdwederik s.l.;1
Beenbreek;1
Gevleugeld hertshooi;1
Veenbloembies;1
IJle/Zwenkdravik;1
Akkergeelster;1
Christoffelkruid (G);1
(Grote) bosaardbei;1
Biet (G);1
Gele lupine;1
Zilte waterranonkel;1
Herfstadonis;1
Duinreigersbek;1
Duinlangbaardgras;1
Zeegroene/Blauwe zegge;1
Timotheegras|Straatgras;1
Wilde akelei;1
Lampionplant (G);1
Kraakwilg;1
Wilde peterselie;1
Gele|Schub-|Dwergzegge;1
NULL;312
