09DST-R588-M0;1
15LAN-R926-M165;1
15LAN-R926-M222;1
15LAN-R926-M454;1
15LAN-R926-M457;1
15LAN-R926-M505;1
15LAN-R926-M512;1
A2MA4-R604-M3;1
AARBE-R838-M1602;1
AARBE-R838-M1629;1
AARBE-R838-M1674;1
AARBE-R838-M1716;1
AARBE-R838-M1751;1
AARBE-R838-M1763;1
AARBE-R838-M1786;1
AARBE-R838-M1918;1
AARBE-R838-M1925;1
AARBE-R838-M2840;1
AARBE-R838-M2971;1
AARBE-R838-M530 plag 1a;1
AARBE-R838-M558;1
AARZO-R598-M72;1
AIJEN-R937-M2500;1
AIJEN-R937-M2510;1
ALBNK-R620-M012a;1
ALEXI-R982-MB107;1
ALEXI-R982-MB217 (M17);1
ALEXI-R982-MB313;1
ALPBR-R775-M1;1
ALPBR-R775-M3;1
AMB02-R839-M13;1
AMB02-R839-M28;1
AMB02-R839-M41;1
ANDYK-R661-M99;1
APEN13-R745-M624;1
ARNDW-R918-M149;1
ARNDW-R918-M150;1
ARNDW-R918-M180;1
ARNDW-R918-M89;1
ARNHOO-R1017-M1584;1
ARNHOO-R1017-M808;1
ASDLF-R678-M23;1
ASDLF-R678-M29;1
BAHAR-R675-M149;1
BAHAR-R675-M217;1
BAHAR-R675-M454;1
BAHAZ-R936-M1123;1
BAHAZ-R936-M1345;1
BAHAZ-R936-M1370;1
BAHAZ-R936-M841;1
BAHAZ-R936-M901;1
BAHAZ-R936-M911;1
BAHAZ-R936-M941;1
BAHAZ-R936-M948;1
BENZM-R668-M108;1
BENZM-R668-M143;1
BENZM-R668-M169;1
BENZM-R668-M170;1
BENZM-R668-M186;1
BENZM-R668-M187;1
BENZM-R668-M195;1
BENZM-R668-M201;1
BENZM-R668-M202;1
BENZM-R668-M210;1
BENZM-R668-M217;1
BENZM-R668-M218;1
BENZM-R668-M27;1
BENZM-R668-M36;1
BENZM-R668-M37;1
BENZM-R668-M71;1
BERGH-R816-M3;1
BERGH-R816-M4;1
BIBRA-R940-M7;1
BILTK-R573-M32;1
BKLNA-R1022-M17;1
BKLNA-R1022-M19;1
BKLNA-R1022-M9;1
BOOVO-R605-M1;1
BOOVO-R605-M16;1
BOOVO-R605-M9;1
BORSHA-R888-M39;1
BOXG2-R876-M47;1
BRBEG-R710-M19;1
BRINKG-R777-M650;1
BRIVI-R568-M107;1
BRIVI-R568-M111;1
BRIVI-R568-M114;1
BRIVI-R568-M9;1
BRUCH-R796-M78;1
BTSON-R979-M122;1
BTSON-R979-M126;1
BTSON-R979-M13;1
BTSON-R979-M358;1
BTSON-R979-M362;1
BTSON-R979-M49;1
BTSON-R979-M54;1
BTSON-R979-M55;1
BTSON-R979-M59;1
BTSON-R979-M61;1
BZN17-R994-M139;1
CADBAK-R986-M87;1
CADBAK-R986-M88;1
CADBAK-R986-M91;1
CUIHW-R702-M1006;1
CUIHW-R702-M1007;1
CUIHW-R702-M748;1
CUIJC-R596-M11986;1
CUIJC-R596-M1235;1
CUIJC-R596-M13361;1
CUIJC-R596-M13661;1
CUIJC-R596-M15327;1
CUIJC-R596-M15828;1
CUIJC-R596-M18169;1
CUIJC-R596-M18317;1
CUIJC-R596-M18376;1
CUIJC-R596-M18505;1
CUIJC-R596-M20068;1
CUIJC-R596-M246;1
CUIJC-R596-M2856;1
CUIJC-R596-M3494;1
CUIJC-R596-M4154;1
CUIJC-R596-M4444;1
CUIJC-R596-M4673;1
CUIJC-R596-M6320;1
CUIJC-R596-M8267;1
CUPA4-R798-M10;1
CUPA4-R798-M131;1
CUPA4-R798-M137;1
CUPA4-R798-M144;1
CUPA4-R798-M148;1
CUPA4-R798-M150;1
CUPA4-R798-M153;1
CUPA4-R798-M184;1
CUPA4-R798-M72;1
CUYGH-R868-M3;1
CUYGH-R868-M4;1
CUYGH-R868-M6;1
DBLR2-R821-M18;1
DBMKA-R842-M139;1
DBMKA-R842-M3338;1
DBMKA-R842-M4287;1
DBMKA-R842-M878;1
DBNES-R666-M29;1
DBNES-R666-M31;1
DBNES-R666-M33;1
DBNES-R666-M79;1
DBNES-R666-M83;1
DBNES-R666-M84;1
DBNES-R666-M86;1
DBNES-R666-M89;1
DEHAM-R974-M104;1
DEHAM-R974-M120;1
DEHAM-R974-M168;1
DEHAM-R974-M182;1
DEUKG-R993-M10;1
DGNP1-R787-M1251;1
DGNP1-R787-M1252;1
DGNP1-R787-M1253;1
DGNP1-R787-M190;1
DGNP1-R787-M390;1
DGNP1-R787-M449;1
DGNP1-R787-M556;1
DGNP1-R787-M670;1
DGNP1-R787-M677;1
DGNP1-R787-M688;1
DGNP1-R787-M757;1
DGNP1-R787-M861;1
DHOSW-R708-M22;1
DHOSW-R708-M70;1
DIDU1-R680-M9;1
DORHA-R1013-M24;1
DUIVN-R970-M141;1
DUIVN-R970-M205a;1
DUIVN-R970-M308;1
ECKPU-R624-M10;1
ECKPU-R624-M20;1
ECKPU-R624-M24;1
ECKPU-R624-M42;1
EGKNH2-R689-M1467;1
EGKNH2-R689-M2371;1
EGKNH2-R689-M2554;1
EGKNH2-R689-M2814;1
EGKNH2-R689-M2819;1
EGKNH2-R689-M2839;1
EGKNH2-R689-M2844;1
EGKNH2-R689-M2846;1
EGKNH2-R689-M2851;1
EGKNH2-R689-M2852;1
EGKNH2-R689-M2853;1
EGKNH2-R689-M2855;1
EGKNH2-R689-M2857;1
EGKNH2-R689-M2880;1
EGKNH2-R689-M4402;1
EGKNH2-R689-M5401;1
EGKNH2-R689-M6188;1
EGKNH2-R689-M7701;1
EGKNH2-R689-M8793;1
EGKNH2-R689-M8985;1
EGKNH2-R689-M8986;1
EGKNH2-R689-M8987;1
EGKNH3-R690-M6106;1
EGKNH3-R690-MMA01;1
EHBLX-R577-M385;1
EHBLX-R577-M393;1
EHBX11-R695-M106;1
EHBX11-R695-M135;1
EHBX11-R695-M204;1
EHBX11-R695-M93;1
EHBX11-R695-M94;1
EHNB11-R720-M231;1
GAS21-R599-M10;1
GAS21-R599-M16;1
GAS21-R599-M17;1
GAS21-R599-M18;1
GAS21-R599-M23;1
GAS21-R599-M30;1
GAS65-R765-M76;1
GAS65-R765-M85;1
GAS65-R765-M87;1
GAS65-R765-M89;1
GAS65-R765-M90;1
GELBO-R724-M24;1
GELRE5-R699-M7;1
GELUR-R696-M1;1
GENZA-R854-M15;1
GF17L-R792-M277;1
GF17L-R792-M369;1
GF17L-R792-M409;1
GF17L-R792-M546;1
GF17L-R792-M729;1
GF17L-R792-M741;1
GF17L-R792-M869;1
GLMST-R802-M1160;1
GLMST-R802-M319;1
GOEBE-R810-M6;1
GOEDP-R736-M11;1
GROFN-R865-M26;1
GRSMD-R725-M13;1
GRSMD-R725-M21;1
GRSMD-R725-M3;1
HADR4-R843-M1;1
HADR4-R843-M12;1
HADR4-R843-M19;1
HADR4-R843-M20;1
HADR4-R843-M21;1
HADR4-R843-M27;1
HADR4-R843-M31;1
HADR4-R843-M37;1
HADR4-R843-M42;1
HADR4-R843-M50;1
HADR4-R843-M51;1
HADR4-R843-M54;1
HADR4-R843-M55;1
HADR4-R843-M56;1
HADR4-R843-M7;1
HAWIL-R614-M100;1
HAWIL-R614-M111;1
HAWIL-R614-M176;1
HAWIL-R614-M199;1
HAWIL-R614-M33;1
HBREE-R857-M295;1
HBREE-R857-M301;1
HEEBU8-R771-M11;1
HEEBU8-R771-M14;1
HEEBU8-R771-M16;1
HEEBU8-R771-M7;1
HEEBU8-R771-M9;1
HEESCH-R717-M205;1
HEESCH-R717-M370;1
HEESCH-R717-M91;1
HEESCH-R717-M92;1
HEILA9-R1009-M17;1
HEILA9-R1009-M26;1
HEILA9-R1009-M35;1
HEILA9-R1009-M36;1
HEILA9-R1009-M37;1
HEILA9-R1009-M9;1
HEITRI-R650-M110;1
HEITRI-R650-M132;1
HEITRI-R650-M140;1
HEITRI-R650-M145;1
HEITRI-R650-M165;1
HEITRI-R650-M17;1
HEITRI-R650-M173;1
HEITRI-R650-M176;1
HEITRI-R650-M180;1
HEITRI-R650-M183;1
HEITRI-R650-M188a;1
HEITRI-R650-M198;1
HEITRI-R650-M201;1
HEITRI-R650-M35;1
HEITRI-R650-M52;1
HEITRI-R650-M55;1
HEITRI-R650-M63;1
HELKE-R585-M254;1
HELKE-R585-M257;1
HELKE-R585-M334;1
HELM15-R875-M14.025;1
HELM15-R875-M208c;1
HELMO-R959-M35;1
HEZ12-R958-M1770;1
HEZ12-R958-M2133;1
HEZ12-R958-M2142;1
HEZ12-R958-M2487;1
HEZ12-R958-M2529;1
HEZ12-R958-M2556;1
HEZ12-R958-M2599;1
HEZ12-R958-M2623;1
HEZ12-R958-M2682;1
HEZ12-R958-M3274-20-21;1
HEZ12-R958-M3290;1
HEZ14-R1019-M14.00993;1
HEZ14-R1019-M14.01251;1
HEZ14-R1019-M14.01341;1
HEZ14-R1019-M14.01412;1
HKHK3-R735-M13;1
HKHK3-R735-M2;1
HKHK3-R735-M222;1
HKHK3-R735-M6;1
HKHK3-R735-M9;1
HKHK3-R735-M999;1
HMMT12-R635-M110;1
HONMI-R939-M156;1
HONMI-R939-M60, 0-3;1
HONMI-R939-M91, 6-9;1
HOOGL-R651-M0;1
HOOGL-R651-M118;1
HOOGL-R651-M123;1
HOOGL-R651-M23;1
HOOGL-R651-M38;1
HOOGL-R651-M45a;1
HOOGL-R651-M606boven;1
HOOLA-R706-M262;1
HOOLA-R706-M265;1
HOOLA-R706-M302;1
HOSCH-R698-M163;1
HOSCH-R698-M166;1
HOSCH-R698-M167;1
HOSCH-R698-M63;1
HOSCH-R698-M69;1
HOSCH-R698-M71;1
HOSCH-R698-M72;1
HOSCH-R698-M83;1
HOUSP-R759-M10;1
HOUSP-R759-M12;1
HOUSP-R759-M13;1
HOUSP-R759-M6;1
HTNCAA-R855-M14;1
HTNCAA-R855-M181;1
HTNCAA-R855-M328;1
HTNCAA-R855-M344;1
HTNCAA-R855-M35;1
HTNCAA-R855-M435;1
HTNCAA-R855-M516;1
HTNCAA-R855-M72;1
HTNCAA-R855-M91;1
HULBA-R808-M15;1
HULBI-R846-M1;1
HULBI-R846-M255;1
HULBI-R846-M9;1
HULPP-R942-M21;1
ITTEM-R704-M103;1
ITTEM-R704-M93;1
KATWYK-R960-M121;1
KAVAL-R804-M100;1
KAVAL-R804-M78;1
KAVAL-R804-M84;1
KOZHT-R1026-M18;1
LAAGO-R980-M10;1
LAAGO-R980-M16;1
LAAGO-R980-M19;1
LAAGO-R980-M20;1
LAAGO-R980-M21;1
LEDBS-R694-M164;1
LEDBS-R694-M182;1
LEDBS-R694-M188;1
LEDBS-R694-M222;1
LEDBS-R694-M257a;1
LEDBS-R694-M471;1
LEDBS-R694-M81;1
LEEMI2-R664-M171;1
LEEMI2-R664-M182;1
LEEMI2-R664-M183;1
LEEMI2-R664-M188;1
LEEMI2-R664-M200;1
LEEMI2-R664-M207;1
LEEMI2-R664-M224;1
LEEMI2-R664-M229;1
LEEMI2-R664-M244;1
LEEMI2-R664-M250;1
LEEMI2-R664-M266;1
LEEMI2-R664-M28;1
LEEMI2-R664-M29;1
LEEMI2-R664-M30;1
LEEMI2-R664-M31;1
LEEMI2-R664-M312;1
LEEMI2-R664-M316;1
LEEMI2-R664-M32;1
LEEMI2-R664-M323;1
LEEMI2-R664-M325;1
LEEMI2-R664-M33;1
LEEMI2-R664-M63;1
LEEMI2-R664-M74;1
LEIOP-R1005-M103;1
LEIOP-R1005-M108;1
LEIOP-R1005-M137;1
LEIOP-R1005-M158;1
LEIOP-R1005-M38;1
LEIOP-R1005-M91;1
LR-67-R595-M109;1
LR-67-R595-M40;1
LR-75-R669-M249;1
LR-79-R948-M215;1
LR-79-R948-M234;1
LR-79-R948-M237;1
LR-79-R948-M326;1
LR-79-R948-M370;1
LR-79-R948-M372;1
LR-79-R948-M373;1
LR-86-R990-M167;1
MAGRO-R592-M12;1
MAGRO-R592-M33;1
MDHP16-R683-M72;1
MDHP16-R683-M88;1
MDHP7-R617-M34;1
MDHP7-R617-M46;1
MDHP7-R617-M75;1
MIDHO 2-R841-M120;1
MIDHO 2-R841-M180;1
MIDHO 2-R841-M292;1
MIDHO 2-R841-M293;1
MIDHO 2-R841-M315;1
MONTF-R820-M400;1
MONTF-R820-M427;1
MONTF-R820-M97;1
NEDHO-R785-M1643;1
NEDHO-R785-M1651;1
NEDHO-R785-M1652;1
NEDHO-R785-M1653;1
NEDHO-R785-M1700;1
NEDHO-R785-M1722;1
NEDHO-R785-M1730;1
NEEDE-R713-M66;1
NEEDE-R713-M69;1
NELSP-R582-M26;1
NELSP-R582-M39;1
NELSP-R582-M60;1
NIJML-NLD10-R809-M223;1
NIJML-Nld13-R806-M67;1
NIJML-Nld13-R806-M81;1
NIJML-Nld9-R800-M112;1
NIJML-Nld9-R800-M79;1
NIJML-R795-M112;1
NIJML-R795-M67;1
NIJML-R795-M79;1
NIJML-R795-M81;1
NIJML-R795-M82;1
NIJMO6-R567-M625;1
NIJMO6-R567-M647;1
NISEW-R837-M9;1
NLD14-R823-M39 (10-34cm);1
NLD14-R823-M42 (122-132cm);1
NLD14-R823-M42 (132-144cm);1
NLD14-R823-M43 (164-189cm);1
NLD14-R823-M43 (189-203cm);1
NLD14-R823-M44 (203-220cm);1
NLD16-R815-M1144;1
NLD16-R815-M1153;1
NLD16-R815-M1176;1
NLD16-R815-M1184 (44-50cm);1
NLD16-R815-M129 (25-44cm);1
NLD16-R815-M1321;1
NLD16-R815-M1433;1
NLD16-R815-M1440;1
NLD16-R815-M1448;1
NLD16-R815-M1453;1
NLD16-R815-M1486;1
NLD16-R815-M1518;1
NLD16-R815-M1555;1
NLD16-R815-M1588;1
NLD16-R815-M1683;1
NLD16-R815-M1854;1
NLD16-R815-M1856;1
NLD16-R815-M2116;1
NLD16-R815-M2226;1
NLD16-R815-M2285;1
NLD16-R815-M2360;1
NLD16-R815-M2408;1
NLD16-R815-M2418;1
NLD16-R815-M2424;1
NLD16-R815-M2426;1
NLD16-R815-M2432;1
NLD16-R815-M2460;1
NLD16-R815-M2465;1
NLD16-R815-M2500;1
NLD16-R815-M2508;1
NLD16-R815-M2517;1
NLD16-R815-M2611;1
NLD16-R815-M2627;1
NLD16-R815-M265;1
NLD16-R815-M2724 (0-9 cm);1
NLD16-R815-M2833;1
NLD16-R815-M2834;1
NLD16-R815-M325 (11-17cm);1
NLD16-R815-M325 (17-31cm);1
NLD16-R815-M346;1
NLD16-R815-M391 (0-16cm);1
NLD16-R815-M391 (16-36cm);1
NLD16-R815-M391 (36-44cm);1
NLD16-R815-M4003;1
NLD16-R815-M459;1
NLD16-R815-M638;1
NLD16-R815-M652;1
NLD6 ROM-R831-MBd1.011.0106;1
NLD6 ROM-R831-MBd1.10.00076;1
NLD6 ROM-R831-MBd1.10.00079;1
NLD6 ROM-R831-MBd1.5.00177;1
NLD6 ROM-R831-MBd1.5.00212;1
NLD6 ROM-R831-MBd1.9.00194;1
NLD6 ROM-R831-MNld6.00212;1
NLD6 ROM-R831-MNld6.00364;1
NLD6 ROM-R831-MNld6.00542;1
NLD6 ROM-R831-MNld6.00704;1
NLD6 ROM-R831-MNld6.00756;1
NLD6 ROM-R831-MNld6.00780;1
NLD6 ROM-R831-MNld6.01246;1
NLD6 ROM-R831-MNld6.01683;1
NLD6 ROM-R831-MNld6.01876;1
NLD6 ROM-R831-MNld6.02040;1
NLD6 ROM-R831-MNld6.02202;1
NLD6 ROM-R831-MNld6.02410;1
NLD6 ROM-R831-MNld6.02580;1
NLD6 ROM-R831-MNld6.02581;1
NLD6 ROM-R831-MNld6.02708;1
NLD6 ROM-R831-MNld6.02733;1
NLD6 ROM-R831-MNld6.02931;1
NLD8-R819-M1366;1
NLD8-R819-M1611;1
NLD8-R819-M1631;1
NLD8-R819-M1902;1
NLD8-R819-M2392 (37-44cm);1
NLD8-R819-M2392 (44-50cm);1
NLD8-R819-M2404 (19-29cm);1
NLD8-R819-M2404 (39-50cm);1
NLD8-R819-M2404 (9-19cm);1
NLD8-R819-M2525;1
NLD8-R819-M2549;1
NLD8-R819-M2619;1
NLD8-R819-M2691;1
NLD8-R819-M2758;1
NLD8-R819-M2951;1
NLD8-R819-M3037;1
NLD8-R819-M3623;1
NLD8-R819-M4095;1
NULAND-R739-M7;1
NULAND-R739-M8;1
NULUI2-R817-M181;1
NULUI2-R817-M232;1
NULUI2-R817-M99;1
OOSTV-R943-M135;1
OOSTV-R943-M144;1
OOSTV-R943-M23;1
OOSTV-R943-M552;1
OOSTV-R943-M581;1
OOSTV-R943-M59;1
OOSTV-R943-M665;1
OOSTV-R943-M756;1
OOSTZA-R822-M25;1
OOSTZA-R822-M27;1
OUDLA-R709-M533;1
OUDLA-R709-M581;1
OUDLA-R709-M604;1
PANIT-R919-M98;1
RAVEN-R832-M20;1
RAVEN-R832-M86;1
RBRNA-R607-M320;1
RBRNA-R607-M321;1
RBRNA-R607-M33;1
RBRNA-R607-M43;1
RIJSEL-R586-M155;1
RIJSEL-R586-M221;1
RIJSEL-R586-M99;1
ROSMA-R863-M20;1
SCHDE-R636-M4;1
SCHDE-R636-M5;1
SCHRG-R961-M244;1
SHEER-R654-M0;1
SHKSP-R576-M189;1
SHKSP-R576-M193;1
SHKSP-R576-M29;1
SHKSP-R576-M457;1
SHKSP-R576-M921;1
SHKSP-R576-M951;1
SHMUB-R642-M1255;1
SHMUB-R642-M1564;1
SHMUB-R642-M1655;1
SHMUB-R642-M1802;1
SHMUB-R642-M3146;1
SHMUB-R642-M3632;1
SHMUB-R642-M3775;1
SHMUB-R642-M3802;1
SHMUB-R642-M3803;1
SHMUB-R642-M3846;1
SHMUB-R642-M3912;1
SHMUB-R642-M3915;1
SHMUB-R642-M4027;1
SHMUB-R642-M4053;1
SHMUB-R642-M4089;1
SHMUB-R642-M4090;1
SHMUB-R642-M4093;1
SHMUB-R642-M4094;1
SHMUB-R642-M4134;1
SHMUB-R642-M4214;1
SHTMB-R748-M1207;1
SHTMB-R748-M603;1
SHWAL-R977-M197;1
SOEST-R1014-M121420700;1
SOEST-R1014-M121430600;1
SOEST-R1014-M127060700;1
SOEST-R1014-M127190700;1
SOEST-R1014-M128990600;1
SOEST-R1014-M129100700;1
SOEST-R1014-M144430700;1
SOEST-R1014-M1539;1
SOEST-R1014-M1549;1
SOEST-R1014-M1550;1
SOEST-R1014-M1573;1
SOEST-R1014-M1575;1
SOEST-R1014-M1581;1
SOEST-R1014-M1585;1
SOEST-R1014-M1588;1
SOEST-R1014-M1605;1
SOEST-R1014-M1608;1
SOEST-R1014-M1656;1
SOEST-R1014-M1670;1
SOEST-R1014-M1671;1
SOEST-R1014-M1672;1
SOEST-R1014-M1673;1
SOEST-R1014-M1720;1
SOEST-R1014-M1744;1
SOEST-R1014-M1809;1
SOEST-R1014-M1813;1
SOEST-R1014-M1827;1
SOEST-R1014-M185000800;1
SOEST-R1014-M192730400;1
SOEST-R1014-M192850800;1
SOEST-R1014-M192850900;1
SOEST-R1014-M196520800;1
SOEST-R1014-M200370500;1
SOEST-R1014-M2027;1
SOEST-R1014-M2030;1
SOEST-R1014-M2034;1
SOEST-R1014-M2036;1
SOEST-R1014-M206290700;1
SOEST-R1014-M2101;1
SOEST-R1014-M2115;1
SOEST-R1014-M2120;1
SOEST-R1014-M2143;1
SOEST-R1014-M2146;1
SOEST-R1014-M2148;1
SOEST-R1014-M2151;1
SOEST-R1014-M2154;1
SOEST-R1014-M2167;1
SOEST-R1014-M2171;1
SOEST-R1014-M2172;1
SOEST-R1014-M2173;1
SOEST-R1014-M29200600;1
SOEST-R1014-M29220600;1
SOEST-R1014-M31090700-1;1
SOEST-R1014-M31090700-2;1
SOEST-R1014-M55250700;1
SOEST-R1014-M92680500;1
SOEST-R1014-M94560500-1;1
SOEST-R1014-M94560500-2;1
SOMWI-R826-M230;1
SOMWI-R826-M256;1
SOMWI-R826-M328;1
SOMWI-R826-M344;1
SOMWI-R826-M366;1
SOMWI-R826-M387;1
SOMWI-R826-M631;1
STAP2-R732-M3;1
SUMAR-R903-M5327-15-16;1
SUMAR-R903-M5327-6-7;1
SUMAR-R903-M5328-75-76;1
SUSTA-R781-M242;1
SUSTA-R781-M285;1
TERNZN-R794-M13;1
TETER-R924-M17;1
TETER-R924-M19;1
TIBEA-R589-M39;1
TIBEE-R601-M1041;1
TIBEE-R601-M1094;1
TIBEE-R601-M1180;1
TIBEE-R601-M1228;1
TIBEE-R601-M1361;1
TIBEE-R601-M1383;1
TIBEE-R601-M1408;1
TIBEE-R601-M1468;1
TIBEE-R601-M281;1
TIBEE-R601-M331;1
TIBEE-R601-M338;1
TIBEE-R601-M347;1
TIBEE-R601-M365;1
TIBEE-R601-M381;1
TIBEE-R601-M494;1
TIBEE-R601-M499;1
TIBEE-R601-M605;1
TIBEE-R601-M660;1
TIEFA-R923-M679;1
TIELD-R679-M22;1
TIELD-R679-M34;1
TIELD-R679-M41;1
TIELD-R679-M42;1
TIELD-R679-M47;1
TIELD-R679-M49;1
TIELD-R679-M50;1
TIELD-R679-M51;1
TIELD-R679-M54;1
TIELD-R679-M68;1
TIELW-R968-M111;1
TIELW-R968-M206;1
TIELW-R968-M255;1
TIELW-R968-M256;1
TIELW-R968-M289;1
TIELW-R968-M332;1
TIELW-R968-M421;1
TIELW-R968-M425;1
TIELW-R968-M496;1
TIELW-R968-M510;1
TIELW-R968-M511;1
TIELW-R968-M552;1
TIELW-R968-M553;1
TIELW-R968-M555;1
TIELW-R968-M566;1
TIELW-R968-M575;1
TIELW-R968-M581;1
TILBB-R631-M189;1
TILBB-R631-M204;1
TILBB-R631-M218;1
TILBB-R631-M234;1
TILBB-R631-M269;1
TILBB-R631-M316;1
TILBB-R631-M81;1
TILBB-R631-M82;1
TILBE-R656-M7;1
TILHA-R613-M1132;1
TILHA-R613-M1137;1
TILHA-R613-M1213;1
TILHA-R613-M1268;1
TILHA-R613-M1398;1
TILHA-R613-M1624;1
TILHA-R613-M1629;1
TILHA-R613-M315;1
TILHA-R613-M323;1
TILLN-R682-M583;1
TILLN-R682-M584;1
TILLN-R682-M586;1
TILLN-R682-M589;1
TILRH-R989-M106;1
TILRH-R989-M107;1
TILRH-R989-M134;1
TILRH-R989-M36;1
TILRH-R989-M45;1
TILRH-R989-M80;1
TILSP-R779-MM1;1
TILSP-R779-MM2;1
TIZWA-R1016-M17;1
TIZWA-R1016-M59;1
TIZWA-R1016-M87;1
TSTAP-R913-M190;1
TSTAP-R913-M216;1
TSTAP-R913-M25;1
TYNZU-R691-M162;1
UDVIN-R643-M10;1
UDVIN-R643-M16;1
UDVIN-R643-M20;1
UGANZ-R835-M151;1
UGANZ-R835-M156;1
UGANZ-R835-M21;1
UGANZ-R835-M54;1
UGEUZ-R847-M10;1
UGEUZ-R847-M32;1
UTKLO-R714-M37;1
UTKLO-R714-M49;1
UTZEE-R966-M1118;1
UTZEE-R966-M154;1
UTZEE-R966-M268;1
UTZEE-R966-M338;1
UTZEE-R966-M383;1
UTZEE-R966-M599;1
UTZEE-R966-M630;1
UTZEE-R966-M738;1
UTZEE-R966-M743;1
UTZEE-R966-M799;1
UTZEE-R966-M803;1
VAARD-R890-M127;1
VAARD-R890-M190;1
VAARD-R890-M197;1
VAARD-R890-M212;1
VAARD-R890-M66;1
VEGBU-R991-M72;1
VEGP2-R640-M214;1
VELHO-R565-M0;1
VELHO-R565-M0b;1
VELHO-R565-M0b2;1
VELHO-R565-M0c;1
VELHO-R565-M0c2;1
VELHO-R565-M0d;1
VELHO-R565-M0d2;1
VELHO-R565-M0e;1
VELHO-R565-M0e2;1
VELHO-R565-M0f;1
VELHO-R565-M0f2;1
VELHO-R565-M0g;1
VELHO-R565-M0g2;1
VELHO-R565-M0h;1
VELHO-R565-M0i;1
VELHO-R565-M0i2;1
VELHO-R565-M0j;1
VELHO-R565-M0j2;1
VELHO-R565-M0k;1
VELHO-R565-M0k2;1
VELHO-R565-M0l;1
VELHO-R565-M0l2;1
VELHO-R565-M0m;1
VELHO-R565-M0n;1
VELHO-R565-M0n2;1
VELHO-R565-M0o;1
VELHO-R565-M0o2;1
VELHO-R565-M0p;1
VELHO-R565-M0p2;1
VELHO-R565-M0q;1
VELHO-R565-M0q2;1
VELHO-R565-M0r;1
VELHO-R565-M0s;1
VELHO-R565-M0t;1
VELHO-R565-M0u;1
VELHO-R565-M0v;1
VELHO-R565-M0w;1
VELHO-R565-M0x;1
VELHO-R565-M0y;1
VELHO-R565-M15;1
VELHO-R565-M2;1
VELHO-R565-M20;1
VELHO-R565-M28;1
VELHO-R565-M2a;1
VELHO-R565-M3;1
VELHO-R565-M30;1
VELHO-R565-M31;1
VELHO-R565-M39;1
VELHO-R565-M4;1
VELHO-R565-M45;1
VELHO-R565-M46;1
VELHO-R565-M4a;1
VELHO-R565-M4b;1
VELHO-R565-M5;1
VELHO-R565-M50;1
VELHO-R565-M50a;1
VELHO-R565-M51;1
VELHO-R565-M51a;1
VELHO-R565-M52;1
VELHO-R565-M53;1
VELHO-R565-M53a;1
VELHO-R565-M54;1
VELHO-R565-M55;1
VELHO-R565-M57;1
VELHO-R565-M5a;1
VELHO-R565-M5b;1
VELHO-R565-M6;1
VELHO-R565-M62;1
VELHO-R565-M64;1
VELHO-R565-M66;1
VELHO-R565-M68;1
VELHO-R565-M69;1
VELHO-R565-M6b;1
VELHO-R565-M7;1
VELHO-R565-M70;1
VELHO-R565-M71;1
VELHO-R565-M72;1
VELHO-R565-M73;1
VELHO-R565-M75;1
VELHO-R565-M76;1
VELHO-R565-M8;1
VELHO-R565-M8a;1
VELHO-R565-M9;1
VELSA9-R726-M106;1
VELSA9-R726-M107;1
VELSA9-R726-M113;1
VELSA9-R726-M12;1
VELSA9-R726-M87;1
VELZS-R881-M23;1
VELZS-R881-M24;1
VELZS-R881-M25;1
VELZS-R881-M26;1
VELZS-R881-M27;1
VELZS-R881-M28;1
VELZS-R881-M29;1
VELZS-R881-M30;1
VELZS-R881-M31;1
VELZS-R881-M32;1
VELZS-R881-M33;1
VELZS-R881-M34;1
VELZS-R881-M36;1
VELZS-R881-M37;1
VELZS-R881-M39;1
VLAVL-R985-M539;1
VLAVL-R985-M544;1
VLDV3-R641-M126;1
VOERT-R744-M322;1
VOERT-R744-M356;1
WAABS-R758-M10;1
WAABS-R758-M22;1
WAABS-R758-M46;1
WAVAK3-R947-M1093;1
WAVAK3-R947-M1095;1
WAVAK3-R947-M1130;1
WAVAK3-R947-M1147;1
WAVAK3-R947-M1249;1
WAVAK3-R947-M1275;1
WAVAK3-R947-M1382;1
WAVAK3-R947-M1385;1
WAVAK3-R947-M1523;1
WAVAK3-R947-M1534;1
WAVAK3-R947-M1631;1
WAVAK3-R947-M1665;1
WAVAK3-R947-M1669;1
WAVAK3-R947-M1681;1
WAVAK3-R947-M1683;1
WAVAK3-R947-M1756;1
WAVAK3-R947-M1903;1
WAVAK3-R947-M1932;1
WAVAK3-R947-M1980;1
WAVAK3-R947-M2085;1
WAVAK3-R947-M2264;1
WAVAK3-R947-M2268;1
WAVAK3-R947-M2290;1
WAVAK3-R947-M2380;1
WAVAK3-R947-M2489;1
WAVAK3-R947-M2641;1
WAVAK3-R947-M2717;1
WAVAK3-R947-M2818;1
WAVAK3-R947-M2889;1
WAVAK3-R947-M2906;1
WAVAK3-R947-M2952;1
WAVAK3-R947-M3111;1
WAVAK3-R947-M3147;1
WAVAK3-R947-M3320;1
WAVAK3-R947-M584;1
WAVAK3-R947-M585;1
WAVAK3-R947-M648;1
WAVAK3-R947-M659;1
WAVAK3-R947-M661;1
WAVAK3-R947-M679;1
WAVAK3-R947-M685;1
WEHL1-R733-M37;1
WEHL1-R733-M93;1
WEMKE-R992-M10;1
WERHT-R981-M43;1
WERHT-R981-M60;1
WERHT-R981-M61;1
WERHT-R981-M63;1
WESAU-R803-M16;1
WESAU-R803-M53;1
WESME-R746-M4;1
WIWIJ-R655-M155a;1
WIWIJ-R655-M155b;1
WIWIJ-R655-M22a;1
WIWIJ-R655-M22c;1
WIWIJ-R655-M231a;1
WIWIJ-R655-M243a;1
WIWIJ-R655-M272a;1
WIWIJ-R655-M284a;1
WIWIJ-R655-M44a;1
WIWIJ-R655-M62;1
WKNII-R703-M1-8;1
WKNII-R703-M10-8;1
WKNII-R703-M14-8;1
WKNII-R703-M21-8;1
WKNII-R703-M32-4;1
WKNII-R703-M35-4;1
WKNII-R703-M36-4;1
WKNII-R703-M38-8;1
WKNII-R703-M40-8;1
WKNII-R703-M42-8;1
WKNII-R703-M45-8;1
WKNII-R703-M5-8;1
WKNII-R703-M63-8;1
WKNII-R703-M66-2;1
WKNII-R703-M67-4;1
WKNII-R703-M69-8;1
WKNII-R703-M7-8;1
WL085-R812-M6;1
WTKHN-R836-M1067;1
WTKHN-R836-M1174;1
WTKHN-R836-M1229;1
WTKHN-R836-M760;1
YANHA-R647-M382;1
ZIEGR-R653-M0a;1
ZIEGR-R653-M0b;1
ZIMOS-R705-M2;1
ZUTVEN-R984-M22;1
ZWILL-R737-M1045;1
ZWILL-R737-M1050;1
ZWILL-R737-M1052;1
ZWILL-R737-M1203;1
ZWILL-R737-M1222;1
ZWILL-R737-M1292;1
ZWILL-R737-M1566;1
ZWILL-R737-M1622;1
ZWILL-R737-M1756;1
ZWILL-R737-M2032;1
ZWILL-R737-M2094;1
ZWILL-R737-M2158;1
ZWILL-R737-M2175;1
ZWILL-R737-M2201;1
ZWILL-R737-M646;1
ZWILL-R737-M671;1
ZWILL-R737-M890;1
ZWILL-R737-M891;1
goedw-R869-M160;1
goedw-R869-M202;1
goedw-R869-M287;1
goedw-R869-M325;1
goedw-R869-M328;1
rbear-R827-M388;1
sgrav-R909-M50;1
;0
NULL;5213
